nitrogen,phosphorus,potassium,temperature,humidity,ph,rainfall
-0.28530771355443363,-0.8000458625894654,-0.061866823011933435,-0.7858297405004153,1.0466573177047809,-0.7606048148855501,0.1615635217835701
-0.9074587456358251,0.32219665360530436,-0.633792369630221,1.0518406110128495,-1.7553110743325684,0.882567036907698,1.397056854706551
-0.7451584763972012,0.3525275324213792,-0.5549060873380434,-0.513125961911862,-2.1953766422378753,-0.8271708414285788,0.08798351402668363
-1.3402594636054888,-1.2550090448305882,-0.3576903816075994,0.41610717185292023,1.0982869718616246,-1.177030333867889,0.49910816750734477
-1.2591093289861768,2.506019928362694,3.073862898102126,0.8466192576607279,0.4635112479456311,-0.7434719997733256,-0.6872663290310319
0.47209354289247774,0.5041819265017535,0.11562731214546615,1.1154035695186886,0.9555541224435762,0.6565059201198918,-0.881677369248368
0.14749300441523,0.1402113807088552,0.017019459280244155,2.265614338769318,1.0383086784529347,0.2778600663863073,1.2479979224436162
0.09339291466902205,0.3525275324213792,-0.02242368186584464,0.45029942084604463,0.9015955552273818,0.3160760847479378,0.8396511624500947
-0.42055793791995355,0.8074907146625021,-0.4562982344728214,0.4828486820164764,-1.1870725038749441,-2.034947960322125,1.693754872425978
-0.7722085212703053,-0.49673707442871684,-0.5549060873380434,0.39109758709845627,0.674808976445051,0.16658311209994456,-1.1624409333772467
-0.5287581174123694,0.7468289570303523,0.5495018647524429,-1.5921365180383964,-2.528094084020705,2.631345387346328,-0.2568509636138283
1.8786958762938846,-1.3763325600948877,-0.04214525243888904,0.7715726125481421,0.8636697844984537,0.33023760003187935,-1.3595937468940422
-1.042708970001345,-0.7393841049573157,-0.16047467587715541,-1.1758226543297647,0.8208128076247678,0.15152353019144266,0.140699057476659
0.30979327365385384,-0.13276652863581853,-0.21963938759628862,-0.2814706569922591,0.5117021772039069,1.291313523443887,1.1332417095339593
-0.7181084315240973,-0.8000458625894654,-0.2788040993154218,0.6378605968461517,1.060958570572982,-0.3514876835971552,0.7518509430447894
-0.3935078930468495,0.01888786544455577,-0.04214525243888904,3.3337774941415175,1.053415151868686,0.24015964852104354,2.0067087496248863
-0.4476079827930575,0.17054225952493005,-0.5943492284841322,-0.4466361444986129,-2.2149680897164994,-0.9428254118052557,-0.28655265971505023
-0.3123577584275376,-0.34508268034834255,-0.5549060873380434,0.7308237174113914,-0.45593271037197775,2.033816883978661,-1.134087055407143
1.6622955173090528,0.01888786544455577,-0.6535139402032654,-0.03594890453943885,0.45407131646169613,-0.3873911621811297,-0.4816634063662025
-0.4476079827930575,-0.5573988320608665,-0.535184516764999,0.5523844998350066,0.5037975529136568,0.2678499670108776,-0.8199979378535289
-1.069759014874449,-1.315670802462738,-0.061866823011933435,-0.5944755841603648,0.7627099018578535,-0.10089783869504218,0.10005816209996914
-1.3132094187323848,-0.89103849903769,-0.2788040993154218,0.6409105576554871,-0.7447109938947276,-0.004612996531572011,-0.15818928190985032
-0.014807264823393862,0.17054225952493005,-0.02242368186584464,2.9832081128203285,0.9256458103591163,0.34973353279673175,1.9245158724854103
-0.6640083417778894,-1.346001681278813,-0.3182472404615106,0.060053120049713304,1.0441768197414318,-0.007586088686982666,0.7355445976303475
-1.205009239239969,2.688005201259143,3.034419756956037,0.31409620448883696,0.5158637245325023,-0.32423399376474404,-0.5985640912387581
2.2303464596442364,0.10988050189278034,-0.5746276579110878,-0.4146212755579493,0.20389441877307213,1.8936014175935176,-0.3506709768453151
1.337694978831805,-1.1033546507502139,-0.0027021112928002438,0.8053654228408955,1.0244170682379303,-0.13977662924187706,-1.3929177661268108
1.4999952480704288,-1.0123620143019894,0.05646260042633295,0.8058161811197028,0.8753527643497965,-0.17225936523124633,-1.5020841512393013
2.4196967737559643,-0.25409004390011797,-0.6535139402032654,-0.0224308345011304,0.38598563775869066,-0.8695229894144703,-0.07437159704623231
-0.4476079827930575,0.3525275324213792,-0.0027021112928002438,3.1113486979735887,0.8336209928231646,0.24292625609307417,1.7334756271689
0.33684331852695787,-0.2844209227161928,-0.14075310530411103,-0.2902390980739777,0.5509426953370158,-1.1498026546679017,2.7779477315905243
-0.7181084315240973,0.5041819265017535,-0.633792369630221,-0.0918511043756678,-0.11189448349361283,0.09229118092363886,-1.2389158215084095
0.8507941711159334,-0.89103849903769,-0.436576663899777,-0.2626748061652156,-0.8000223843865334,-0.4981867259851292,1.4638882959695056
-1.3673095084785927,2.778997837707368,3.0935844686751706,-0.8716678259369371,0.8363155251013463,-1.2303890069553471,0.18944780546835552
0.8507941711159334,0.7164980782142775,-0.04214525243888904,0.6513545218314547,0.4819580614910724,-0.740695233105715,-0.13888414361105966
-0.7992585661434092,0.7468289570303523,-0.5746276579110878,0.29920676565412013,-0.20923904081742584,0.5713469898135497,-0.6089494493855511
0.8507941711159334,0.6558363205821278,0.13534888271851053,0.3355487409022702,0.31613250292624784,-0.2514508762705785,-0.20537824104839178
0.8507941711159334,-1.0123620143019894,0.11562731214546615,0.7289234473039846,0.8325652009473424,0.08342694512392165,-1.4848048527270226
1.0942445749738692,0.6558363205821278,0.13534888271851053,0.3632160210672662,0.2097346962040847,-0.33990858337053176,0.10442108994090704
0.44504349801937376,-0.25409004390011797,-0.1999178170232442,-0.5752536743274106,0.4811421889998681,1.0610441822181593,2.8476667088649856
-0.5017080725392654,0.7771598358464272,-0.5154629461919545,0.38606027462801956,-0.35700818850918054,-0.7209269091077448,-0.8889178728855524
-0.4476079827930575,0.5345128053178283,0.6086665764715761,-1.521984399812816,-2.489703089417516,1.6128895517092432,-0.5223224286941368
-1.1509091494937609,-0.6180605896930162,-0.37741195218064383,0.8552439901166352,-0.9831049468897297,-0.0437315494596705,-0.2113950028596209
-0.7451584763972012,-1.4066634389109625,-0.2788040993154218,0.09091496310754317,0.900174072901748,-0.8038678616311803,0.5540770642291586
-0.3935078930468495,-0.46640619561264196,-0.6535139402032654,0.5362881929509798,0.7242870589421659,-0.20047190758724076,-0.8234699637306441
-0.7181084315240973,-1.1943472871984386,-0.29852566988846624,0.7368894706835286,0.9786376737053316,-0.14181241542699513,2.0811439350550756
1.310644933958701,0.04921874426063063,-0.2590825287423774,-0.7732894800225287,0.3946033294184877,0.032628223775465724,3.1566241580288517
-0.7451584763972012,0.6558363205821278,-0.4562982344728214,1.0710711674650146,-1.0855904681262971,0.7736012202120354,-0.22062569545451913
-0.3123577584275376,0.3525275324213792,0.09590574157242175,1.9108542543199294,0.9266448468226673,0.1086544104244193,2.390355782523135
-1.1779591943668648,0.5951745629499781,-0.4562982344728214,0.3702623214699588,-0.3717720032737153,1.0451370008272156,-1.0548351752329237
-0.9345087905089291,-0.7393841049573157,-0.6929570813493542,1.31649674402993,0.9966644300905267,-0.35981657239989345,0.25544757319015343
-0.5017080725392654,-0.8607076202216151,-0.7718433636415317,-3.015362448701745,1.0001800530892797,1.6992042780708048,-0.04270483282014063
-0.06890735456960181,0.26153489597315466,-0.6535139402032654,-0.05496731508477245,-0.21471352207213915,1.3677749945049151,-0.6819509267232977
-0.6369582969047853,2.566681685994844,3.0146981863829927,-0.39007120417870594,1.0066934485092045,-0.6746845189508042,0.03428124937707592
0.17454304928833397,0.1402113807088552,0.5692234353254872,-1.364458095846614,-2.412297203726248,1.9347855271058394,-0.40357069552642766
0.20159309416143795,0.23120401715707978,-0.6535139402032654,1.0462184801918957,-0.3224260228872454,1.1929976102547435,-0.7367622344815093
-1.123859104620657,0.6861671993982026,-0.4562982344728214,0.6387267340571865,-0.954563041246611,-0.9873830543761257,1.3698933770733932
-0.6099082520316814,0.47385104768567865,-0.633792369630221,0.8136925076588111,-0.23015596335480143,0.09142453925304159,-1.226939511539476
-0.4476079827930575,0.8074907146625021,-0.5746276579110878,1.1535717012770546,-0.3751672611459582,0.05776219578201568,-0.5794173409354989
-1.1779591943668648,-0.40574443798049226,-0.6140707990571765,1.0981519626751977,-1.3665911958134345,2.646929085880243,-0.8996013497364335
-1.3673095084785927,-1.0730237719341391,-0.6732355107763097,0.8139613831980244,0.9218115980608999,0.9420455388725287,0.19741156997287798
-1.2320592841130729,0.6255054417660529,-0.535184516764999,-1.8539471382162074,-2.243230010116031,-1.1390719045894635,-0.6610709042731797
-0.3935078930468495,0.8074907146625021,-0.535184516764999,1.5784696796322815,-1.0310954527745066,0.7593311790053862,-0.05497921716281343
0.14749300441523,0.41318929005352895,0.5889450058985317,-1.591676036257603,-2.4510843962469235,2.2907453040737478,-0.4647800679815113
0.8507941711159334,-0.8607076202216151,0.05646260042633295,-0.2625554556021904,0.7187312193630583,-0.5178018678179409,-1.002288820822855
1.121294619846973,-0.5573988320608665,-0.16047467587715541,-0.6834530826798736,0.3987375365941081,-0.15318208506128014,1.7475642735781647
-0.7722085212703053,-1.0730237719341391,-0.29852566988846624,0.940359727832757,-0.8489365450929872,0.18704355248949361,-0.17337868653778316
-1.042708970001345,0.38285841123745407,-0.5549060873380434,0.3490587678490776,-0.35897250243111223,1.1070194139131415,-1.0688876296212486
1.337694978831805,0.6861671993982026,-0.061866823011933435,-0.01529046661289081,0.20204167989536842,-1.1409620744960696,-0.01301115255077547
1.1483446647200772,-0.011443013371519088,-0.1999178170232442,0.2535201144789366,0.46964772574831803,0.7633033544754361,3.386721453145376
-0.4746580276661615,-1.1943472871984386,-0.7915649342145762,-0.9097400973774428,0.9646844675072872,1.5554916260814815,0.1298524035049991
-0.5828582071585774,0.6558363205821278,0.5297802941793985,-1.1874096901259836,-2.3616395258759764,0.7576613069619331,-0.2722659369818044
-1.096809059747553,0.5041819265017535,-0.5746276579110878,-0.15687220160618928,-0.1097525620638646,1.0250132591320902,-1.1199303174003927
0.9589943506083494,0.6861671993982026,0.11562731214546615,0.724105408678753,0.3890870745532301,-0.7075733457940598,-0.2423888723709216
1.337694978831805,-1.1943472871984386,0.017019459280244155,0.758211051445562,0.8800829127621285,-0.14215091417409614,-1.4020470661658193
-0.4476079827930575,-0.46640619561264196,-0.337968811034555,1.9196915232005993,-1.1580479035034363,-0.028728705263055102,-0.11019246421756396
-1.096809059747553,-1.346001681278813,-0.3971335227536882,0.6642775668006291,1.0115422220409336,-0.24902303526464448,0.8421712161504122
0.5261936326386857,-0.34508268034834255,-0.10130996415802224,-0.48842470289676,0.2345916744538802,0.041184297767371675,0.9701226090400384
-1.069759014874449,2.7183360800752183,2.9358119040908153,-0.5246286142782647,0.9806443198858175,-0.7733772946706795,0.3381662137006904
-1.2320592841130729,0.07954962307670549,-0.4760198050458658,-0.16517212767717684,-1.183583541870879,-1.8711821176293346,1.5377566011772952
-0.4476079827930575,0.20087313834100493,-0.4957413756189102,-1.088482964339598,-2.081425491065377,-1.0520938652543397,-0.06253545186139847
-0.6910583866509933,0.5345128053178283,-0.4760198050458658,0.5622731711827161,-0.49199863346087297,0.9159467798339636,-0.5173127822145067
-0.7181084315240973,-0.2844209227161928,-0.6140707990571765,0.8313565625777443,0.3854645728270808,0.2446722350847675,-0.9561058001808437
-1.069759014874449,0.20087313834100493,-0.4957413756189102,0.33377215847368286,0.7647939429634194,0.7167447602152459,-0.9482683531068171
0.14749300441523,0.10988050189278034,-0.0027021112928002438,1.167132245070999,0.9684605607007362,0.03832315781519228,-0.7216501304026061
-0.28530771355443363,2.6273434436269936,2.8963687629447263,-2.1036858018893954,0.4062874158140037,-0.23429221405002731,-0.5766832575945939
-1.123859104620657,-0.5573988320608665,-0.5549060873380434,0.3491938042156119,0.4278022131284378,0.5632594226651748,-1.1394550910481467
-0.9615588353820331,-1.346001681278813,-0.732400222495443,-2.7803098784160487,1.0177454159454313,1.8433143901893385,0.09631554793227058
-0.5828582071585774,2.748666958891293,3.073862898102126,-0.6333708741099928,0.9432918931487925,-0.8702937338581109,0.2822063056870715
1.1753947095931812,-0.4360753167965671,-0.5943492284841322,-0.34582728993773576,-0.6246372728806278,-0.7510058859117968,-0.012225464961773704
-1.3132094187323848,0.7771598358464272,-0.6535139402032654,-0.8103793089399004,-0.26693592730332094,1.324836595886466,-1.2259563812790777
1.6622955173090528,-0.7697149837733905,0.11562731214546615,-0.1545522489800764,0.6102762314391725,0.3369281988312678,-0.8723167333622802
1.0401444852276613,0.8984833511107266,-0.02242368186584464,0.48345739888090256,0.28515303771366474,-1.0881249467141416,0.10919748242638451
-1.2591093289861768,-1.1943472871984386,-0.14075310530411103,-1.1425928269127839,0.8232585551731253,-0.0594787656543368,-0.012434602884019512
1.2565448442124931,-1.3763325600948877,0.07618417099937735,-0.14481372980401777,0.6962334264436529,-0.30708482495505707,-0.9774407868153655
1.6622955173090528,0.5951745629499781,-0.0027021112928002438,0.7099355839389286,0.26384216036272107,-0.9899881773941116,-0.23230150319409315
-0.4476079827930575,-1.1336855295662889,-0.4562982344728214,0.8732355554613046,-0.9170584942532448,-0.4752006623289854,-0.20644842381090722
-0.6640083417778894,-0.6483914685090911,-0.3182472404615106,1.0394401658153543,-0.9632361725614975,0.42983503613150664,-0.24183345271993067
-0.5017080725392654,2.2937037766501702,3.0146981863829927,-1.8307080158037852,0.5185061085645198,0.014406970373185408,-0.578089515791921
-0.3935078930468495,-0.8607076202216151,-0.29852566988846624,0.46139736449233815,-0.810893713638289,-1.1945917636691061,-0.07040746358019481
1.6622955173090528,1.0198068663750262,-0.0027021112928002438,0.30621349949020965,0.2672868386481419,-0.35569225771366175,-0.0730338493229564
-0.6099082520316814,-0.49673707442871684,-0.3971335227536882,1.2799404750263341,-0.9365378635908362,-0.48733727028694274,-0.08816348650736366
0.8507941711159334,-0.9213693778537648,0.017019459280244155,0.23061862242910577,0.7073422801062794,0.5110793604636837,-0.9372861573731999
-0.6099082520316814,0.3525275324213792,-0.4957413756189102,0.5408692365007128,-0.4274773776986725,1.1959390765919455,-0.5294539406488583
-0.9345087905089291,0.07954962307670549,-0.6140707990571765,1.6085482245879896,-1.406616075464425,1.2477887634600275,1.32286705494913
1.202444754466285,-0.8303767414055403,-0.061866823011933435,0.8426410751787883,1.0360390331539222,-0.46202289772214167,-1.3632991034839552
-1.015658925128241,0.23120401715707978,-0.5154629461919545,-1.2235661279389651,-0.365250918043772,1.6126761038319584,-1.0254705622224942
1.7975457416745726,0.07954962307670549,-0.6535139402032654,0.06860070154675467,0.2519337263918751,1.1484038932376255,-0.26031932400434576
1.283594889085597,-1.3763325600948877,0.05646260042633295,0.10547745559797758,0.6761041931205654,-0.2794348132241691,-0.9784404298594723
0.7696440364966215,0.17054225952493005,-0.6140707990571765,-1.0383357049497335,-0.34460802870711016,0.21611986261223923,0.09046257572440156
1.5270452929435328,-0.9517002566698397,0.11562731214546615,0.46380150528930236,0.8698176252106256,0.19821711037613854,-1.481663575948014
-0.4476079827930575,0.38285841123745407,-0.5746276579110878,1.4448669182242149,-0.5039718576090749,1.4295930769528904,-0.5438894302443131
-0.17710753406201774,0.7164980782142775,-0.535184516764999,1.3795600072323588,-0.45381071748920654,1.0952549919542096,-0.7539252740290812
-1.2591093289861768,2.4453581707305445,2.9949766158099482,0.5786237782145394,0.42673791385428994,-0.8190381725311509,-0.545779636713126
2.311496594263548,-0.5270679532447917,-0.4760198050458658,-0.5719876525703822,0.40235339815922655,1.4439851019868113,-0.24304957461118953
-0.6369582969047853,2.778997837707368,3.0935844686751706,-3.1905305470787324,0.48663757229163573,-0.8705593085827359,-0.6781314008470625
-1.3132094187323848,-0.9820311354859146,-0.2590825287423774,-0.12143215315671073,0.9007563337581193,-0.2352364215098394,1.3809181901954382
-0.7451584763972012,2.566681685994844,2.8963687629447263,-0.6219894736161319,0.9081804047293535,-0.8760405565407814,0.3779054189159366
-0.6640083417778894,0.8074907146625021,-0.5943492284841322,-1.246395032961694,-2.154727088833112,-1.152826589942098,0.023025314098330033
0.8507941711159334,-0.31475180153226767,-0.1999178170232442,-0.4651470809389473,0.448103929808629,-1.7649902117237166,2.511652744867947
-0.28530771355443363,-1.0730237719341391,-0.10130996415802224,-1.2343754098042752,0.6881106082180625,-0.912882635124332,0.11593274619671805
-0.6369582969047853,2.597012564810919,3.0935844686751706,-0.6233544363406422,0.9845751841136954,-0.9066926595589798,0.0369390365680087
1.0671945301007653,-1.1943472871984386,0.07618417099937735,-0.1572223620718475,0.7962545259669448,-0.10880001458117813,-0.7929991118228501
1.5270452929435328,-0.25409004390011797,-0.4562982344728214,-0.5045101896728961,0.5431791482610467,0.9674809463097906,-0.5729480563660014
-0.5828582071585774,-1.1033546507502139,-0.37741195218064383,0.7020237084343419,1.0859015152092664,-0.6655097534628225,1.949536022964323
-1.205009239239969,0.7164980782142775,-0.4562982344728214,-0.9926519333512025,-2.108598866329531,-0.8802134687865214,-0.6127995691738392
1.554095337816637,-0.5270679532447917,-0.5746276579110878,-0.5644876590874718,0.2724516308920987,0.9814144574964805,-0.70370204831785
-0.5558081622854734,-0.8607076202216151,-0.337968811034555,0.1317802089195864,1.218082337880821,-0.8644788220584024,1.8928567111856367
1.9598460109131965,-0.2844209227161928,-0.535184516764999,0.027787747663346893,0.16014157029634693,1.4997339295696115,-0.21911982985732853
1.8245957865476765,-0.40574443798049226,-0.2590825287423774,0.13920315203158307,-0.5789981688855615,1.2667548923085685,0.3266472239385213
-1.2320592841130729,-1.3763325600948877,-0.8507296459337094,-2.8817218031098735,0.93166156732838,0.11103887376608997,0.16765439597748213
-0.5017080725392654,2.051056746121571,2.9752550452369038,2.7072891843381823,0.44005449472549624,-0.4462078061505983,-0.5324136479165683
-0.4476079827930575,0.07954962307670549,-0.6140707990571765,1.5321183452453346,-1.6128509889493867,-2.4826759228135904,0.6543593203803298
2.0409961455325085,-0.2237591650840431,-0.4562982344728214,-0.23787703399672433,0.45996683956657236,0.3619427454545167,-0.772784724404767
-0.0959573994427058,0.7771598358464272,0.5889450058985317,-1.6095259422094357,-2.538806939570988,0.17168669407027035,-0.694669260696562
1.554095337816637,-0.9517002566698397,-0.04214525243888904,0.104952980156848,0.6853749595359375,-0.4573379477452403,-0.9077952233134703
0.7155439467504136,-0.0721047710036688,-0.08158839358497784,-0.4711306262422595,0.5049263973126652,0.8343285917712597,1.1346801117580432
-0.28530771355443363,-0.13276652863581853,-0.6140707990571765,1.0606315167370892,-1.144102116975274,0.27157609279120615,-0.903579617527234
-0.7722085212703053,0.07954962307670549,-0.6140707990571765,0.8351413183734109,0.7121690938880818,0.5336070055543557,-1.0630906111802827
1.310644933958701,-0.4360753167965671,-0.5943492284841322,-1.2708128193507264,-0.13999637206995677,-0.4681762722163933,-0.2832606901463306
-0.9345087905089291,2.778997837707368,2.9752550452369038,0.2508175844543763,0.4183200994638026,-0.6726260479816618,-0.618753708667047
-0.9074587456358251,2.506019928362694,2.8963687629447263,3.0694670917755995,0.4560465806910141,-0.11147195843874388,-0.6803999851222243
-0.7451584763972012,0.26153489597315466,0.7269959999098424,-1.315593393981158,-2.3257422454951144,2.592912581095507,-0.41245288082810505
-0.6369582969047853,-0.7090532261412408,-0.8507296459337094,1.3950029795923362,0.8563544935394232,1.520157114791664,0.17773974043345864
1.202444754466285,-0.9213693778537648,-0.061866823011933435,0.42990282321903667,0.8572910187690247,-0.2705854851568506,-1.489422153721466
-1.069759014874449,0.23120401715707978,-0.535184516764999,-1.3848136476724369,-2.1685869094227788,-1.2158168028288847,0.5759678684021742
-0.5558081622854734,2.2330420190180202,3.073862898102126,-0.6201055815940177,0.942042264301271,-0.450554884437376,-0.04652817888684569
-0.6369582969047853,0.23120401715707978,-0.5943492284841322,1.5112969903388487,-0.19500916184041853,-1.558153244210753,0.09052726546516268
-0.17710753406201774,0.6255054417660529,0.7269959999098424,-1.0765004285516226,-2.320318012993732,0.8682537339200055,-0.4567918955485372
1.364745023704909,-0.49673707442871684,-0.5943492284841322,-0.5366556257193427,0.5042898947360708,1.4949207084569818,-0.19155608481509134
-0.014807264823393862,0.04921874426063063,-0.633792369630221,0.6252333021500783,-0.27306877680590064,1.4228986153795173,-0.7462594914378549
-0.6640083417778894,2.081387624937646,3.034419756956037,-0.6310189502937779,1.0441333643629402,-1.106208492223849,0.06655830698900037
-0.36645784817374555,0.07954962307670549,-0.4562982344728214,-0.7077906432744219,-2.3218146211568986,-0.9033768569452321,0.4201554462624309
-0.7992585661434092,-0.2844209227161928,-0.5943492284841322,0.2809646140266115,0.6929828127106761,0.8397073023938675,-0.9596778105372018
-1.3132094187323848,-0.7090532261412408,-0.3576903816075994,0.0704501372646691,1.0469265614059955,-0.18709421609965193,1.9185856098611636
1.472945203197325,0.20087313834100493,-0.4957413756189102,-0.41632403037469884,0.25922262425638626,-0.34598241691046977,-0.2888856521880202
-0.3123577584275376,0.7468289570303523,-0.6535139402032654,-0.8460356214852872,-0.3955510265086706,-0.7094184113764311,-1.1168291308180207
-0.4746580276661615,0.10988050189278034,-0.6140707990571765,0.44412649012533717,0.7744496317455439,0.39631469595772606,-0.8270274273995204
-1.2861593738592807,-1.346001681278813,-0.2590825287423774,0.25085129325203426,1.2730169303696788,-0.2031874879149254,2.2097594960945255
-1.1779591943668648,0.2918657747892295,-0.4760198050458658,-0.5305468740563725,-2.12327559785955,-0.7953959420333163,0.0764595592653916
-1.1509091494937609,0.5648436841339032,-0.6140707990571765,-1.000188061576486,-2.3151740676836177,-0.9849018452848115,-0.2827582537669583
-1.2591093289861768,-1.2246781660145134,-0.8310080753606649,-1.974767389829653,1.0227204663271197,1.396760944043417,-0.03682652536528872
-0.17710753406201774,-0.19342828626796824,-0.061866823011933435,2.5812906531432476,1.044066151884229,0.13273006476485932,2.074231329984067
1.364745023704909,0.1402113807088552,-0.5943492284841322,0.00480429812841482,0.4457661684278282,0.22634103812172746,-0.45072021947186114
1.4999952480704288,-0.9820311354859146,-0.2590825287423774,-0.0033925134583212006,-0.644628835532713,1.2260011099817072,1.5388022527910823
0.5532436775117897,0.01888786544455577,-0.2590825287423774,0.19623899583299304,-0.021221166756187623,1.0747779390613414,1.7339448268236395
-0.014807264823393862,0.32219665360530436,-0.4562982344728214,0.630397682843433,-0.3610132503318675,0.33231460201542107,-0.6016422727220593
-1.1509091494937609,-0.25409004390011797,-0.6535139402032654,0.48344033837538825,-0.46802854230261487,-2.401349102505001,-1.2605153866856695
-0.8804087007627212,-0.7090532261412408,-0.37741195218064383,0.2205427549311829,0.9600420017448973,-0.07254107580953557,2.190905541596513
0.28274322878074987,0.32219665360530436,0.07618417099937735,3.482610030760021,0.9588541682375643,0.21211960348772668,0.12767812833872688
-0.6640083417778894,0.07954962307670549,-0.5154629461919545,-0.5111822989510657,-0.49306029181279176,0.6885573761062187,-0.9210399950219258
0.9860443954814533,-0.16309740745189338,-0.1999178170232442,-0.36068854836750613,0.42601870180462587,0.8826547090012498,1.5706759983131606
0.3909434082731658,-0.49673707442871684,-0.16047467587715541,-0.45077236248636976,0.5449559477448528,-1.4717615649534483,1.5363235783053952
-0.6640083417778894,0.5648436841339032,-0.5154629461919545,0.6160308615312117,-1.5165851907889132,-2.319487304738145,-0.21323818622704532
-0.6910583866509933,0.10988050189278034,-0.4760198050458658,0.39646758337104093,-0.5748156823364434,0.6420201816139072,-1.2043978231224541
0.2556931839076459,-0.46640619561264196,-0.6140707990571765,-1.4250405307867149,-0.32232919400011445,-0.002421686052667511,-0.4902164581848304
-1.015658925128241,0.41318929005352895,-0.5943492284841322,0.9724978682942448,-1.6430094015208525,-1.4055274537030593,1.3402344373226731
-1.3402594636054888,2.142049382569796,2.9752550452369038,-0.38143826492933613,0.9785600498555255,-1.0530996852468084,0.16577381932712154
-0.6369582969047853,-0.89103849903769,-0.37741195218064383,0.19125101287740137,1.1442766375628766,-0.43050186884632907,1.5832417886593944
-0.3123577584275376,0.20087313834100493,-0.535184516764999,1.8250981224238836,-0.3508357852043083,0.6394426478153153,-0.7016478506782925
-0.5287581174123694,2.506019928362694,2.9358119040908153,1.0780497583701014,0.5335315188836551,-1.0591484789981833,-0.5803809245878331
-0.9074587456358251,0.6255054417660529,-0.6140707990571765,0.07607484589842099,-0.08386986798809251,1.1805326729459968,-1.2012963653107203
0.17454304928833397,0.32219665360530436,0.13534888271851053,0.204984295768909,0.964431091291132,0.1382914227925847,-0.7418360193771074
-0.2041575789351217,0.38285841123745407,0.6086665764715761,-1.2193263556412084,-2.5179642939232867,1.931709262832465,-0.523282798667556
-0.3394078033006416,0.20087313834100493,0.5495018647524429,-1.3794384208263695,-2.402241509977087,3.0804130718763187,-0.4628065065235938
-0.3935078930468495,2.1723802613858707,2.916090333517771,2.3314931336845057,0.41345029935280037,-0.4134407777214627,-0.6634558705523854
-0.42055793791995355,2.688005201259143,3.0541413275290816,-0.8823464519423889,0.8425213079608163,-0.7481398788643959,0.3644797428323623
0.8507941711159334,-0.2237591650840431,-0.14075310530411103,-0.4574863479094032,0.3747619162989289,0.13563032302918748,1.516346871764429
1.0401444852276613,-0.19342828626796824,-0.1999178170232442,-0.0236413316059488,0.03663489095720448,-0.6101025315849973,0.8754093159286033
-0.42055793791995355,2.1723802613858707,3.073862898102126,-1.1824761587815167,0.3907133235502439,-0.47462614165342937,-0.5393929019488375
0.3909434082731658,0.20087313834100493,-0.10130996415802224,-0.7243440395612671,0.4689788883381839,-1.0534915443537411,2.2410863118607964
-0.6369582969047853,0.47385104768567865,-0.5154629461919545,-1.5242097859582489,-2.084182982571101,-0.7004937424777145,-0.6216932926702716
-0.7722085212703053,-1.0730237719341391,-0.337968811034555,1.0098233156127978,-1.0524641284668053,-0.6699727111063832,-0.23740843163012015
-0.6369582969047853,0.07954962307670549,-0.5549060873380434,-1.2592826591380348,-2.281061695918583,-1.202181770763217,-0.15474919541612472
0.8778442159890374,-0.8607076202216151,0.09590574157242175,0.16713322117856452,0.3859925570197296,-0.5390632402298242,-0.8283056271597349
-0.06890735456960181,0.23120401715707978,-0.535184516764999,0.9152340921945421,-0.43624730026922826,0.19559488170735403,-0.6853519449706438
-1.1779591943668648,0.07954962307670549,-0.5943492284841322,-1.4458986022678433,-2.110087318769343,-1.0017280179469923,-0.4951305286122816
-1.1779591943668648,-0.678722347325166,-0.4168550933267326,1.121078597768299,-1.0679073134188317,0.061491565004901265,-0.15981380628163747
-0.28530771355443363,2.506019928362694,3.034419756956037,-0.5506464472962262,1.0369127362420199,-0.6966139426723394,0.2537784957316653
1.7163956070552606,-0.7090532261412408,0.05646260042633295,0.7109260024949293,0.8350254652800779,-0.5242884632224375,-1.4035692831480595
-1.3673095084785927,0.47385104768567865,-0.535184516764999,0.044323044035844895,-0.42772379881430117,0.7681332112680284,-1.209097016385415
-1.2591093289861768,-0.3754135591644174,-0.5549060873380434,0.4936014945946916,0.5541410783930076,0.2209612356216743,-1.1952521190447973
1.6081954275628447,-1.1640164083823636,-0.0027021112928002438,0.5786064060836065,0.9602841610974787,-0.3396538360013878,-1.3734653131918664
1.202444754466285,-1.1943472871984386,0.03674102985328855,0.1950136314344681,0.5773210526596986,0.10826868153980064,-0.853806072184649
-0.9345087905089291,0.8074907146625021,-0.5549060873380434,1.1036394220074814,-0.6611069649787258,1.1111444805527093,0.3348988860161023
1.2565448442124931,-0.8607076202216151,0.03674102985328855,0.11350740755153575,0.4242730871548071,-0.4925585793076075,-0.9846823312205877
-1.3132094187323848,-0.0721047710036688,-0.6140707990571765,0.04581030198635579,-1.1409202527870255,-0.8212883323717203,-1.1756283915531869
-0.7181084315240973,-0.7090532261412408,-0.732400222495443,1.3314460820036582,1.034279722891981,0.16099842549253118,0.17637820160687753
1.0671945301007653,-0.40574443798049226,-0.18019624645019983,0.016199228687920106,0.46730042031201885,0.19332744625393147,1.6005803997315327
-0.9615588353820331,2.111718503753721,3.073862898102126,-0.6148610973895707,0.9460303453748207,-0.14213027408510132,0.2149053788838591
-0.3394078033006416,-1.1640164083823636,-0.4168550933267326,1.5979111887420492,-1.0271094226156243,0.38811971279036894,-0.2034033017308416
-0.5017080725392654,-0.8607076202216151,-0.2590825287423774,-1.4882132277635303,0.6396053500793903,-0.7512367626253033,0.06331532118969023
1.472945203197325,0.7164980782142775,0.07618417099937735,0.693802402695239,0.21193511215723096,-0.8494688394554629,-0.06329812204739568
-0.8533586558896171,-0.89103849903769,-0.6535139402032654,-1.0167293005273785,0.998761272613004,0.8508141720628389,0.15078357865471945
-0.3123577584275376,-0.89103849903769,-0.18019624645019983,-0.39265091236975436,0.980918775992483,-0.0580595103870451,0.11402417809721963
1.445895158324221,-0.8607076202216151,0.13534888271851053,0.8219436623794693,0.8484129245615645,-0.4539465055789054,-1.4623260008612204
-0.3935078930468495,0.41318929005352895,-0.5549060873380434,-1.0362082756906426,-0.4907977758838134,0.576435411683575,-0.9081528344319783
-0.3935078930468495,-1.0426928931180643,-0.3182472404615106,0.28846112440515903,-0.9283298006964348,-1.9744014708803075,-0.2014492067244788
0.8778442159890374,-0.25409004390011797,-0.535184516764999,-1.3433641199789519,-0.56805288305955,-0.9787424513011,-0.4297794412828382
-1.1509091494937609,-0.46640619561264196,-0.3182472404615106,0.8100193985724662,-1.1062538952812222,-1.924357749308728,-0.21893537235947713
1.364745023704909,-1.1033546507502139,0.13534888271851053,-0.2511490856285827,0.7031778799544858,-0.032006352682967344,-1.0651367124695938
-0.8804087007627212,-1.1943472871984386,-0.732400222495443,0.4740334221740765,0.8321688578799318,0.09586994702679642,0.2465363135122336
1.554095337816637,0.20087313834100493,-0.6140707990571765,-0.5693079106476385,0.2386430538861222,0.10628459214651752,-0.10385698474597203
1.202444754466285,-0.46640619561264196,-0.5154629461919545,-1.1429871356276233,-0.4563152064054317,-0.9602086080644296,-0.04952211859311582
0.8778442159890374,-0.9213693778537648,0.13534888271851053,0.24712015083456249,0.5582744437886675,-0.016849713427722006,-1.0772079472869223
-0.6099082520316814,0.41318929005352895,-0.535184516764999,-0.7586755910334605,-0.34495026579635696,-0.2901755485733584,-1.029226862164197
-1.2591093289861768,0.47385104768567865,-0.5746276579110878,-1.2610090462064676,-1.0629649661214164,-1.4189236285641667,0.8243154001787332
-0.17710753406201774,0.1402113807088552,-0.5943492284841322,0.4717544995706465,-0.2851361329198052,0.43527491506776156,-0.5611096787409644
-0.8804087007627212,-0.5270679532447917,-0.4957413756189102,-0.3207576048683555,-0.7913591689618277,0.9498835708214574,-1.2389303667483698
-0.988608880255137,2.597012564810919,2.9358119040908153,-0.7730895348425306,0.9591095958163804,-0.5405666061130525,0.32913599126863585
-0.3123577584275376,0.32219665360530436,0.07618417099937735,0.6457093346741469,1.0396145663358263,0.26052927766938205,-0.7204660902946752
-1.2320592841130729,-0.5573988320608665,-0.5549060873380434,0.6478989608166351,-0.8001437230031209,4.1240051096281345,-0.6721840981793598
1.391795068578013,-0.7697149837733905,0.11562731214546615,-0.09631290386726522,0.3962278281045349,0.49675239741958777,-0.8687019210584891
-0.5017080725392654,2.778997837707368,3.0541413275290816,-0.35778129030446554,0.8697109341925453,-0.08953753757526363,0.11020744901367537
0.7966940813697254,-0.25409004390011797,-0.12103153473106663,-0.4934540945590873,0.15978337701930903,1.1640327231351917,0.8757087810087293
-0.5828582071585774,-0.5573988320608665,-0.3971335227536882,0.5330383185186505,-0.801537703002099,0.6322851928644795,-0.2370905240390385
-0.7722085212703053,2.748666958891293,2.916090333517771,-0.7361938584225334,0.9074883966426118,0.02944659204091296,0.24554074252735653
0.7696440364966215,-0.34508268034834255,-0.21963938759628862,-0.15217344648534847,0.5111370359746861,0.1436454966427141,3.475926255241744
-1.3673095084785927,-1.1033546507502139,-0.3576903816075994,1.9388283356265121,-1.0509234605817908,-0.2539433530736068,-0.1034097268047405
-1.3673095084785927,-0.9820311354859146,-0.3182472404615106,2.022409631753579,-0.7692547946076598,-0.05950972578782846,-0.20461876192378425
-1.096809059747553,-0.49673707442871684,-0.5154629461919545,0.608058311768691,0.7928075454424514,0.7640444753053836,-0.81379872444752
-1.1779591943668648,0.7164980782142775,-0.5943492284841322,-1.0030058930059413,-0.4875042336128106,0.2312008957922725,1.584740387879042
-1.123859104620657,0.8074907146625021,-0.5746276579110878,-0.7570446560141433,-2.368089111328526,-0.6835711047608012,0.3906754292297456
-0.23120762380822568,0.7771598358464272,-0.4957413756189102,0.40870798722062573,-0.36465422372983086,0.39333942519778703,-0.6322191349606194
1.7704956968014687,-1.4673251965431122,0.11562731214546615,-0.052965050766770494,0.4283885681982531,0.22871477840281532,-0.8373111451023479
0.09339291466902205,0.38285841123745407,0.07618417099937735,2.1543851779242242,1.00190544844428,0.5037016630161233,0.016574160822642042
-0.6369582969047853,0.10988050189278034,-0.4760198050458658,0.33347731940908404,-1.2576431783969697,-0.49507185328577313,0.7024914694011196
-0.6640083417778894,0.01888786544455577,-0.6140707990571765,0.572534355216776,0.7851666478123215,-0.26237130529037833,-0.9773689973429867
0.22864313903454195,0.2918657747892295,-0.5943492284841322,1.1855090977718696,-0.5061483740000382,0.06480997756627034,-0.6661293600958658
-0.5287581174123694,-1.2853399236466632,-0.061866823011933435,-0.15877345589767153,0.6924469980380205,-0.5687862276461708,0.07486798211391514
1.1483446647200772,0.8378215934785769,0.03674102985328855,0.4089924026122025,0.23061717385809885,-0.5668981835528478,-0.023447568041684616
0.5802937223848936,-0.0721047710036688,-0.16047467587715541,-0.48079475766965174,0.11956125071738531,1.218011431964074,1.7364979563927505
-1.069759014874449,0.7468289570303523,-0.5154629461919545,-0.34456063122661584,-2.18114477954524,-0.68990493517973,0.16566497655844423
1.8786958762938846,0.20087313834100493,-0.6535139402032654,-0.6559589912997544,0.5568805179969137,1.045549829646523,-0.6902576888919124
-0.4476079827930575,-0.19342828626796824,-0.5746276579110878,0.3292129740664484,0.6279704860838841,0.11902249624170545,-0.9110995268519504
1.202444754466285,-0.49673707442871684,-0.2590825287423774,0.329103161608009,-0.13473023785141588,-0.1648371647646021,1.608973763318343
-1.205009239239969,-0.19342828626796824,-0.5943492284841322,0.6936999548527055,0.3964576627053876,0.3076304951051485,-1.146082430683205
1.121294619846973,-0.2844209227161928,-0.633792369630221,-1.3346721888544466,-0.25368051861321655,-0.506517247453672,-0.15821344556903005
-1.069759014874449,-1.4369943177270375,-0.4562982344728214,0.6009819079560957,1.1299174882427236,-0.5083272171592056,1.3653329294805334
-0.15005748918891376,0.10988050189278034,-0.02242368186584464,-0.48834406291659294,0.8672017193919107,0.23189716466588606,1.0527707389635388
-0.5287581174123694,-0.8303767414055403,-0.7718433636415317,-2.7505103387979726,0.9777744742750075,1.4032278676275978,-0.005523349436314275
-0.5558081622854734,-1.0123620143019894,-0.1999178170232442,-0.6006982191353449,0.9736104047424854,0.7492047045505121,0.11919313482458714
-0.3935078930468495,0.6861671993982026,0.5297802941793985,-1.4325602178126957,-2.454677938323261,2.9099314244962953,-0.5968365103849905
0.9048942608621414,-0.40574443798049226,-0.10130996415802224,-0.12484347322364778,0.7571337578651439,0.9681539857482487,1.1925939459608175
-0.4476079827930575,-1.1640164083823636,-0.2788040993154218,0.2788276091889916,0.8813982837733905,-1.0288815589258797,2.192901834933797
1.0942445749738692,1.23212301808755,-0.04214525243888904,0.7343646223723489,0.2158544015746546,-0.42029977157755427,-0.1931979656947462
-1.2320592841130729,0.3525275324213792,-0.5746276579110878,-1.4523783794933307,-0.149051931323271,0.646376493218101,-0.9898030568897828
-0.3935078930468495,0.38285841123745407,-0.6535139402032654,0.875883977057163,-0.09330065144286408,0.24706463642697818,-0.6580634658850736
0.47209354289247774,0.10988050189278034,-0.10130996415802224,0.08759495914983112,0.4009115133093946,-0.9906908623353138,1.4366379290422917
-0.5558081622854734,-0.2844209227161928,-0.633792369630221,0.8058031125752477,0.5134414388565876,-0.04380605979466292,-0.9515779936574741
-0.5828582071585774,-0.9517002566698397,-0.10130996415802224,-1.1796911584705336,0.7401224999160566,-1.1775093165544666,0.04581809431830725
-1.3673095084785927,-1.0426928931180643,-0.337968811034555,-0.024977833857099088,1.0282999496640692,-0.26318942408176477,1.3611030324943796
-0.42055793791995355,-0.3754135591644174,-0.5943492284841322,0.6037389527057891,0.45521764157069133,0.29440930261798115,-0.7895362429674414
-1.015658925128241,2.2027111402019455,3.073862898102126,-0.5000067684647824,0.9571631563908036,-0.11997393943135229,0.084642641387884
1.554095337816637,1.0804686240071757,0.09590574157242175,0.6855390788047518,0.3919968032416227,-0.7308204145132045,0.16089832408400162
-0.42055793791995355,0.10988050189278034,0.6875528587637537,-1.2152183772277805,-2.4185116471978523,1.2881625544092297,-0.41629325336775036
1.1483446647200772,0.1402113807088552,-0.1999178170232442,-0.9919434391557422,0.5529451456095124,0.5871969107305277,3.1852588948172444
-0.3394078033006416,0.5648436841339032,-0.535184516764999,0.5107510796152084,-0.9850760420906739,-0.7394046404019147,1.5017132117560887
1.0942445749738692,-0.89103849903769,0.13534888271851053,0.12347869119218848,0.5224139172501439,-0.2797558960109608,-1.026609150151864
1.1753947095931812,1.0804686240071757,-0.0027021112928002438,0.574979277525013,0.5862116996476258,-1.059583885731434,0.13712454399355625
-0.9074587456358251,0.1402113807088552,-0.5549060873380434,0.47766901392679284,0.6489411642684343,-0.06048912698142038,-1.1628582913120975
-0.6910583866509933,0.6861671993982026,-0.6140707990571765,1.2024201690360499,-0.12523657356798049,0.984738521296191,-0.7454679111693179
-0.3123577584275376,0.5345128053178283,0.7072744293367981,-1.0577506923695992,-2.465550717282282,2.143154734737572,-0.37965707037321816
-0.5017080725392654,0.6861671993982026,-0.6535139402032654,0.4747318062942463,-0.35538129305741245,1.4520848201345526,-1.0883173803510187
-1.3132094187323848,0.23120401715707978,-0.5549060873380434,-0.691257987828731,-2.168658239410601,-0.670501111548146,-0.48608815894075447
0.6343938121311016,-0.13276652863581853,-0.1999178170232442,-0.4596378808029321,0.0009027880539362698,1.3026009095543296,1.1035756353111028
-1.123859104620657,-1.2853399236466632,-0.7915649342145762,-0.15492943604770623,1.0285597447324206,0.10671484851445485,0.1497192576309647
1.2565448442124931,-0.7393841049573157,-0.4168550933267326,0.4144251578773258,-0.7643215433721509,0.9382954600307177,0.6578277450046188
-0.4746580276661615,-0.9213693778537648,-0.061866823011933435,-1.1128510188619793,0.645353963093408,0.8242922499969649,0.15979170285999184
1.6893455621821567,-0.49673707442871684,-0.5549060873380434,-0.12061747161369366,0.3410545513493947,1.1808292142420693,-0.11589196710833306
-0.5287581174123694,2.536350807178769,2.916090333517771,-0.6902926373681157,1.0032781052922268,-0.09790341243891046,0.3098640920467004
-1.3132094187323848,-0.46640619561264196,-0.5943492284841322,0.3731169306157521,0.8287132516868047,0.1848133837918896,-1.0498139306673318
-0.36645784817374555,0.26153489597315466,-0.6140707990571765,0.00812816781916852,-0.0711061349539298,0.8303645886433716,-0.5226488473504061
-0.3123577584275376,-1.4673251965431122,-0.337968811034555,0.2873247349805934,0.9976389908721346,-1.190241852681406,0.8584600320781541
-0.5828582071585774,-1.3763325600948877,-0.3971335227536882,0.2417700808379555,0.9091899632184167,-0.48404138413586284,2.006754031719658
-0.5017080725392654,2.6576743224430683,3.0541413275290816,-0.8648877838144038,0.959306996129116,-0.8433845970272259,0.10060256412116406
-0.5828582071585774,0.10988050189278034,-0.5549060873380434,-0.006867833102532714,-0.9272457856722662,-0.7716304529927956,-0.9067521862855918
-1.3132094187323848,0.7468289570303523,-0.4957413756189102,-0.8532292536523608,-0.22361186066205926,1.086929770211575,-1.0508950700827955
-0.7181084315240973,0.8074907146625021,-0.5746276579110878,0.7957037213028435,-0.10506785184966463,0.42707398065328384,-0.6847047148140025
1.6352454724359489,-0.6483914685090911,-0.2788040993154218,-0.0349333666079213,-0.09314420401641128,-0.10855590529159036,1.2280517984154702
1.8245957865476765,-1.2246781660145134,0.11562731214546615,-0.24287788826549325,0.8236356300361141,-0.562384708551107,-1.0752809829971597
-1.015658925128241,-0.7697149837733905,-0.29852566988846624,0.4902300389135869,1.0849205454313209,-1.0164044268396624,0.860738552322589
-0.3123577584275376,-0.5270679532447917,-0.5154629461919545,0.7294832587008127,-0.4895469791169957,3.342141721287533,-1.2570368632459266
-0.17710753406201774,0.17054225952493005,0.5889450058985317,-0.9800996042914392,-2.3106104447615996,1.4455480987996414,-0.3387637972515623
-0.42055793791995355,0.32219665360530436,0.5889450058985317,-1.521855552563774,-2.560618195301405,1.3137139236091209,-0.32808203571378936
1.391795068578013,-0.2237591650840431,-0.5746276579110878,-0.5668016296889342,0.5003451028353892,0.19912341629760724,-0.39825703874881524
-0.4746580276661615,0.6558363205821278,0.7072744293367981,-1.2193728430533424,-2.3610352555423897,0.9536688807371975,-0.6277142358286123
1.4188451134511169,0.5648436841339032,0.05646260042633295,0.0950414240639962,0.4651471140210988,-0.485265564166535,0.017649419681563992
-1.3402594636054888,0.38285841123745407,-0.4957413756189102,-1.203383788565772,-0.6496999975637905,-2.153873549598555,1.2604801039416431
0.7425939916235175,-0.10243564981974367,-0.10130996415802224,-0.102635006520174,0.6403868117347464,-0.1647033196460139,1.0144584498883997
-0.17710753406201774,0.2918657747892295,-0.6535139402032654,0.1535986882455133,-0.30998401645167517,1.110640552071734,-0.7244916697864856
0.9048942608621414,-0.4360753167965671,-0.2590825287423774,-0.48665079689660995,-0.8642743081927813,0.6219669110797766,0.24979697174100252
-0.988608880255137,2.3543655342823198,2.9555334746638597,1.542261910406987,0.5571551273173886,-1.1763001163613103,-0.6438542519630289
0.2556931839076459,0.01888786544455577,-0.5746276579110878,-1.3601638048790967,-0.400146484303379,-0.07537148996984502,-0.6020213699466485
-0.8533586558896171,2.111718503753721,2.9949766158099482,1.7980204493848257,0.4302841433273024,-0.398308358059104,-0.6839821369959239
1.472945203197325,-1.0730237719341391,-0.2590825287423774,-0.4177506042057117,-0.13397009307518085,0.3438639048035237,1.2372353749057166
-0.9074587456358251,2.506019928362694,2.916090333517771,-0.3496185464763124,0.8542627133445432,-0.7650884615465768,-0.008161273011950755
-0.8533586558896171,2.081387624937646,3.034419756956037,-0.453608684348102,0.8489058044242835,-0.8554527720812606,0.1698946003248942
-0.04185730969649784,0.6861671993982026,-0.5943492284841322,0.2779179430349864,-0.1670568462288482,1.1810747746470853,-0.7787028263999667
1.0130944403545572,-0.5573988320608665,-0.16047467587715541,-0.40730614300692464,0.5446190758268723,-0.8014293207413081,3.3979267812592266
-1.042708970001345,0.1402113807088552,-0.4957413756189102,-0.7689169592410574,-0.35999518130852415,0.37177159832419343,-0.9603002504387463
-0.3394078033006416,2.4756890495466193,3.0541413275290816,3.099786819026831,0.5092377236830861,-0.041182562848420194,-0.6076837334135835
1.7975457416745726,-0.5877297108769414,-0.4562982344728214,-0.15898693114331475,-0.6568581462583057,0.9481090884205267,0.3783033679382166
1.283594889085597,-0.9517002566698397,-0.02242368186584464,0.6761280542759265,0.9176959799314146,-0.1737686669104991,-1.3510836287473138
2.1221462801518203,0.20087313834100493,-0.5154629461919545,-0.2090699325829313,0.3446543828077792,-0.6810182746894355,-0.5710432246816592
-0.5558081622854734,-0.49673707442871684,-0.4562982344728214,0.8375891182859883,0.3903869104906786,0.8287905867874573,-0.8813569118479699
1.9327959660400924,0.17054225952493005,-0.5943492284841322,-0.4229538927132022,0.5467374744570492,-0.33076704417677844,-0.4286939406657032
1.283594889085597,-0.5573988320608665,-0.5943492284841322,-0.36430490809834193,0.15224540278114584,-0.28785360294104767,-0.21246877366632783
0.14749300441523,-0.10243564981974367,0.07618417099937735,1.4678947349350477,0.9327774015454628,0.37858727503281453,-0.27820968326985074
-1.3673095084785927,-1.2550090448305882,-0.8112865047876205,-1.0769287419110367,0.8612153221307375,0.6346439442949128,0.24078145793790995
1.4188451134511169,-1.1033546507502139,0.05646260042633295,-0.10505803023965724,0.385071094230702,-0.3431031206329677,-1.072962503556794
-1.3402594636054888,0.41318929005352895,-0.535184516764999,0.37016326008846206,-0.4880521338086161,0.09685299854180451,-1.003149564035809
-0.17710753406201774,0.32219665360530436,0.11562731214546615,0.8210516188401191,0.8937351752323394,0.34300408865455817,2.33772487566171
0.44504349801937376,-0.19342828626796824,-0.08158839358497784,0.21422634634525922,0.46390696427000555,1.7924782269726438,3.200806498257459
0.22864313903454195,0.26153489597315466,0.6875528587637537,-1.3940102896917412,-2.3390046169016365,2.096248582237696,-0.5528890768583349
-0.23120762380822568,0.5951745629499781,-0.4562982344728214,1.655211458545049,-0.189036050725224,0.032849043113106276,-0.547708187124693
0.4179934531462698,-0.19342828626796824,-0.239360958169333,-0.15584063271642623,0.13484388999757338,0.12387112225309205,1.3039835673914648
-1.1509091494937609,-0.8607076202216151,-0.239360958169333,-1.1303818499698195,1.0536612266852676,0.45344469185632397,0.009442339460176237
-0.7992585661434092,0.2918657747892295,-0.6140707990571765,-1.9468410562430694,-2.3385461442908166,-0.6391388825984581,0.08754400665897401
-1.069759014874449,0.5648436841339032,-0.5549060873380434,-1.2075077249618715,-2.083379954952186,-0.6762170230257958,0.17783107904706386
0.28274322878074987,-0.2844209227161928,-0.6140707990571765,0.08986419769752974,0.00645181902642231,0.5863681306829416,-0.02242958218467323
-1.1509091494937609,2.0207258673054964,2.916090333517771,-0.31118404796058396,0.5032407524291448,-0.5442581072749698,-0.6095386793416127
-0.42055793791995355,-0.04177389218759395,-0.6535139402032654,0.6023161341583024,-0.46068121308180265,4.453435166877085,-0.6844956874462194
-0.4476079827930575,-1.4369943177270375,-0.3576903816075994,0.28367173362300124,1.1455555194960136,-0.679867191218478,1.2349475796665639
-0.28530771355443363,0.17054225952493005,-0.4957413756189102,2.2182762582727595,-0.38970833842413555,-1.5544737755898006,1.089636324278159
-0.7722085212703053,0.8074907146625021,-0.5549060873380434,-0.5198441049702275,-2.3547413917666726,-1.0388242773595022,-0.06128888786691577
-0.7451584763972012,0.5648436841339032,0.7072744293367981,-1.3064487243758183,-2.4325676768852915,0.5715541606831086,-0.4266366690330661
1.0942445749738692,-0.9820311354859146,0.03674102985328855,-0.25822975160908745,0.4484214327236296,0.3678299632328629,-0.9985134561168447
1.283594889085597,-0.19342828626796824,-0.21963938759628862,-0.4261659539649873,0.4435986517801487,1.1577062577386625,2.18127499938346
0.47209354289247774,0.26153489597315466,0.03674102985328855,1.4906794779024053,0.9557327657125797,0.6455248532740715,1.7012432111234352
1.6352454724359489,-0.3754135591644174,-0.5943492284841322,-0.39471333814436815,0.2999367774412281,-0.4776437381155163,-0.4079167313329948
0.9860443954814533,-0.2844209227161928,-0.10130996415802224,-0.3490423688280679,0.6882014828223527,0.3120707872785554,1.3391180525654025
0.20159309416143795,0.5041819265017535,0.7072744293367981,-0.9842305009793257,-2.456014892321838,-0.3158568086988681,-0.5218812208504156
1.229494799339389,-1.2246781660145134,0.13534888271851053,0.7658440833421646,1.0368292450201309,0.2883952570937863,-1.4904116863699461
-1.096809059747553,0.5345128053178283,-0.5943492284841322,-1.2034474272098088,-0.2277142849322466,-0.4188895217240141,1.2594313890102486
0.2556931839076459,-0.49673707442871684,-0.18019624645019983,0.18667826684751762,0.5156803750908081,-0.5702382070470736,1.0447693895604069
-1.1509091494937609,0.17054225952493005,-0.5943492284841322,0.7614457982388978,-1.5998043166018872,-0.3341851240325157,1.526960286579033
-0.36645784817374555,0.10988050189278034,-0.5549060873380434,1.0761074622220592,-1.1921137233582666,1.1304146444788548,-0.5917923037840954
-1.096809059747553,2.6273434436269936,2.9358119040908153,-0.6854104354636489,0.8440693166688403,-0.3178528224754434,0.37929505956517817
1.0671945301007653,-0.2237591650840431,-0.12103153473106663,-0.3285031927104698,0.44888341850020264,1.3216824413508628,2.65217399383013
0.47209354289247774,-0.3754135591644174,-0.633792369630221,-0.76282400974805,-0.6102724232900015,-0.4088446058790642,-0.025687864668599254
0.44504349801937376,0.20087313834100493,-0.4562982344728214,-0.14258514653957438,-0.2080697027255673,-0.9349231032972123,0.10332355734320761
1.337694978831805,-0.40574443798049226,-0.5549060873380434,-0.6297783793637488,0.2162014949144463,1.230533561504445,-0.30137165695250034
-0.28530771355443363,0.5648436841339032,0.5692234353254872,-1.7000490258851848,-2.438973068217915,1.3000021163353142,-0.27058930472709214
-0.9345087905089291,-1.315670802462738,-0.14075310530411103,-0.1715736790333354,0.6363898339564391,0.3381686733301997,0.04077892056911078
0.6614438570042056,-0.011443013371519088,-0.5943492284841322,-0.9773907470874929,-0.5372885622899222,0.500147215650386,0.0026341368853051786
-0.28530771355443363,0.32219665360530436,-0.02242368186584464,1.3521820969086336,0.987742317824623,0.5371214809348949,-0.5748155760095576
1.0942445749738692,0.9288142299268015,0.07618417099937735,0.6910424665350153,0.32611670585788677,-0.11023773390811914,0.2538758126095209
-0.8263086110165132,0.26153489597315466,-0.5943492284841322,0.7335093387985211,-0.2886567877825921,1.1461949285940178,-0.7525985189658537
-1.2591093289861768,-1.4369943177270375,-0.8112865047876205,-0.5195885760715707,0.8819600117394285,0.29940665186575627,0.16588547209712448
1.310644933958701,-1.1640164083823636,-0.4168550933267326,0.27570191354136364,-0.6339771803871281,0.031932141602595374,1.1251106784791685
1.0671945301007653,-0.13276652863581853,-0.535184516764999,-0.15865054531008574,-0.1376369009196544,-0.004936646775473423,-0.5328889430848084
-0.3123577584275376,2.597012564810919,3.0146981863829927,3.0653869269169425,0.42949506488488337,-1.205670250962427,-0.6299776620414563
-0.4746580276661615,2.051056746121571,3.0541413275290816,-0.6286921024622,1.0452631464125384,-1.1207493859919782,0.2050941805456439
1.310644933958701,-0.40574443798049226,-0.3182472404615106,-0.2879269321387055,-0.06642311591554244,0.7328786387982434,1.081389397405646
-0.9074587456358251,-1.0730237719341391,-0.10130996415802224,-0.22809230944925735,0.8693816956373903,-0.8154983831050968,-0.005589665829485002
-0.5828582071585774,0.44352016886960377,-0.4957413756189102,-0.29204255918107874,-2.3363616383821215,-0.8356171752991557,0.2393219128513061
-0.5558081622854734,0.5041819265017535,0.6086665764715761,-1.0601443444072194,-2.3054182496455646,1.0774112693425586,-0.612688231782607
1.554095337816637,-0.5573988320608665,-0.4562982344728214,-0.32801973743045904,-0.46239222560250925,0.6381378143514236,1.0498521771357194
0.6343938121311016,-0.40574443798049226,-0.16047467587715541,-0.09982426358283568,0.523694895345301,-0.11600853540409847,1.191183428431152
-0.8533586558896171,-0.46640619561264196,-0.436576663899777,1.1518230882159468,-1.0147722587765715,-2.511620673292356,-0.18697705050193583
-0.2041575789351217,-0.10243564981974367,-0.0027021112928002438,0.5202316439478959,0.8932922542710962,0.1980416490182236,1.3709155679806821
-0.28530771355443363,0.1402113807088552,-0.6535139402032654,0.753345521500992,0.7247706017224265,0.6464261852302388,-1.0920056482245621
-1.3132094187323848,-0.4360753167965671,-0.6535139402032654,0.47880652756964137,0.5143366819246161,0.0028324848738816616,-0.9750361615642311
-0.4746580276661615,0.6558363205821278,-0.535184516764999,1.4599698184983858,-0.11163987708705216,0.2759279132768465,-0.7455292636490067
-1.096809059747553,0.07954962307670549,-0.633792369630221,0.49894995912869905,0.4307366495594547,0.4530135084226301,-1.2149890420025669
1.0942445749738692,-0.10243564981974367,-0.16047467587715541,-0.9506122738965818,0.5691057219652426,-0.017982110085730234,2.292844643648566
0.4991435877655817,0.10988050189278034,-0.2590825287423774,-0.26371196458938634,0.3186424484044318,-0.3728129424279818,1.4968802808859178
0.5802937223848936,-0.3754135591644174,-0.239360958169333,-0.3048825066683675,0.4095339752049667,-0.3716124128748301,1.3272787660777343
1.364745023704909,-1.2246781660145134,0.11562731214546615,-0.04251260959049151,0.5144787312849936,0.4540374126353057,-0.8533938126018497
-0.36645784817374555,0.7164980782142775,-0.6140707990571765,2.083777944580914,-1.768913782439517,-1.106342894869483,1.5843123231696612
1.0401444852276613,-0.8607076202216151,0.11562731214546615,-0.1875405844484296,0.6334146816277503,-0.15869551636457876,-0.9863403060073853
-0.42055793791995355,-0.7090532261412408,-0.2788040993154218,0.5232389416595699,1.0743099036511536,-0.431156784149248,1.4283849714328698
0.9589943506083494,0.04921874426063063,-0.535184516764999,-0.8092386238181082,-0.5282073773551124,0.42178171891246635,0.11300947811426328
-0.5828582071585774,2.081387624937646,2.916090333517771,3.215678803398609,0.4356826672683748,-1.0790386451883778,-0.5507318153182487
-0.7722085212703053,0.7468289570303523,0.5495018647524429,-1.5376227534210283,-2.3447547589177864,2.7622769880550484,-0.4918162815050403
-0.36645784817374555,0.04921874426063063,0.6678312881907092,-1.2205928230379886,-2.392661851979553,2.5076052275615557,-0.4533773721055081
0.8778442159890374,-0.3754135591644174,-0.10130996415802224,-0.9056900083163092,0.5038871404323554,-0.2862687029121303,2.345016204858613
-0.5017080725392654,0.38285841123745407,-0.6140707990571765,1.8346571414141821,-0.2760990507142276,0.8832880854764267,-0.6036951042630969
-0.5558081622854734,-1.1033546507502139,-0.337968811034555,1.096650486321884,-0.7585046014793879,0.422432708349425,-0.16060814715482555
1.0942445749738692,-0.9820311354859146,-0.436576663899777,0.13593655830384987,-0.6301502040814212,1.0107030412132207,1.594971295108143
1.5811453826897408,1.1411303816393255,0.09590574157242175,0.7934057481303086,0.5411488556347573,-0.6003542008142253,0.12204873850937172
-0.4476079827930575,0.6861671993982026,0.6283881470446205,-0.9837181670956461,-2.4901736318717096,1.9430526849175191,-0.6924173672502668
1.0942445749738692,-0.5573988320608665,-0.18019624645019983,-0.36500332574782884,0.40263092974190673,0.6367170667657823,1.8592569734647582
-0.8263086110165132,-0.40574443798049226,-0.6535139402032654,0.7748702327281572,0.7456540537625048,0.9311063007186025,-1.0577978893648985
1.0671945301007653,-0.16309740745189338,-0.061866823011933435,-0.3115856601496341,-0.005256084052462518,0.04225550937304533,0.9071104734490941
-1.1509091494937609,0.01888786544455577,-0.5549060873380434,0.5304510583419816,0.41851589416750146,0.7182917999087436,-1.1708317768289338
1.0401444852276613,0.20087313834100493,-0.6140707990571765,-0.05306866030152918,-0.637069191844471,-0.6340159301041871,-0.03266743027989511
1.283594889085597,-0.8303767414055403,0.07618417099937735,0.33419291195822604,0.863141934255889,-0.4200977935638226,-1.3536990337720805
1.8245957865476765,-0.9820311354859146,-0.2788040993154218,-0.24835544855995284,-0.3003941634639526,0.9758668470813682,0.29179418220066233
-0.9345087905089291,-1.1640164083823636,-0.12103153473106663,-1.1767281845438786,0.7910941236122028,0.533612278240846,0.09121206079793168
-0.36645784817374555,0.38285841123745407,0.7269959999098424,-0.9295121838593136,-2.3527637661631275,-0.026020713998660194,-0.4602530579569077
1.7163956070552606,-0.8000458625894654,-0.3971335227536882,-0.12820784435726001,-0.604713017233902,0.8838606979416339,1.617023219292789
-0.8804087007627212,-1.0426928931180643,-0.4168550933267326,0.4162824394554635,-0.8549821272356849,-2.1940186926548417,-0.16997023164816455
1.2565448442124931,-0.9517002566698397,-0.436576663899777,-0.4021309520672434,-0.5260458158862602,-0.5178269500970181,1.4773939041963968
-0.5287581174123694,2.051056746121571,3.0146981863829927,-0.4904441006958487,0.8472999283838909,-0.959026407373838,0.13040330489822377
-0.42055793791995355,-0.04177389218759395,-0.5746276579110878,0.2882559565409297,0.8272282232620213,0.28612440051020355,-1.1950928648885224
0.9319443057352453,-0.9820311354859146,0.07618417099937735,0.7856611740569618,0.8363934047554937,-0.5165986214470868,-1.444083563085742
-0.014807264823393862,0.6255054417660529,-0.6140707990571765,0.28716420252680164,-0.3615262437629178,0.08300263871551232,-0.5366027522962242
-0.8263086110165132,-1.0426928931180643,-0.2590825287423774,1.6829039093656954,-0.9322360328926058,-0.46665170356676,-0.09949861116990044
1.1753947095931812,-0.8303767414055403,-0.4168550933267326,0.14235027882983745,-0.8589546257480998,1.2619722154374313,1.3355514461690958
-0.6099082520316814,0.10988050189278034,-0.6140707990571765,0.9532229407215538,-0.4411975349418367,3.785062443528089,-0.7534262823892609
-0.7992585661434092,-0.9820311354859146,-0.3576903816075994,0.40504145776970213,-0.8966511617395954,-1.3808760013964663,-0.049465196615195724
1.283594889085597,-1.4066634389109625,-0.061866823011933435,0.4234678589121365,0.944361352861134,-0.4102684282327971,-1.386936158463527
1.6622955173090528,-0.13276652863581853,-0.4562982344728214,0.00888322437464839,0.2900963240056505,-0.008011168937779221,-0.6751166533795255
-1.205009239239969,0.47385104768567865,-0.5746276579110878,0.24491214865393873,-1.3320898786991857,-2.221646241067415,-0.16354058257257795
-1.015658925128241,-1.4673251965431122,-0.7915649342145762,-0.3532711770391021,0.8366043801700745,1.2854709219926617,0.007551874427815531
0.2556931839076459,-0.5270679532447917,-0.10130996415802224,-0.4365392975096903,0.5211217312512844,-1.5324314455598598,2.106125440325799
0.8507941711159334,-0.7393841049573157,-0.2590825287423774,0.20299356750833508,-0.8596320861389058,-0.29548277985096005,0.9526236035264765
-0.3935078930468495,-0.31475180153226767,-0.5154629461919545,0.43041523993985276,0.7049644188189975,-0.11134463754541678,-0.8166439199091065
1.364745023704909,-1.315670802462738,-0.02242368186584464,-0.020193758457872867,0.5325783789156815,0.5931165552088887,-0.8311022251592413
1.0130944403545572,-0.9820311354859146,-0.4168550933267326,-0.2395248500410924,-0.2422140804968444,0.9718858348720322,1.4137033423677683
0.7155439467504136,-0.04177389218759395,-0.6140707990571765,-0.15399943337666624,-0.25485230543805226,-0.9805749371161937,-0.5008995241205146
-0.8804087007627212,2.1723802613858707,3.073862898102126,-0.6487082863178764,1.0325071426118304,-0.5532569864998996,0.23939779374351636
-0.3394078033006416,0.23120401715707978,0.07618417099937735,1.1012103906232817,1.0532087576365838,0.18589287976016955,-1.0325002701633086
0.5532436775117897,0.07954962307670549,-0.21963938759628862,-0.48437815413705965,0.6620558554831121,0.019505645332958593,1.3135864076597017
-0.06890735456960181,0.26153489597315466,-0.02242368186584464,-0.058576619852807786,0.9675746479952626,0.42070457923631677,1.2827823643229643
0.4991435877655817,-0.0721047710036688,-0.4957413756189102,-0.6759458015012547,0.06378866874164615,0.41882929903583294,0.0563711637663825
-1.096809059747553,0.7771598358464272,-0.5549060873380434,-0.13050420220563133,-0.20318052733967495,-0.12422148304566932,-1.181397508834175
-0.5017080725392654,2.536350807178769,3.073862898102126,-0.5491884052148689,0.9720495740098443,-0.839774288799296,0.25736599710241564
-0.9345087905089291,2.597012564810919,3.0541413275290816,-1.5416620026511434,0.4269459997101982,-0.25844072674578483,-0.681391302022029
-1.042708970001345,-1.4369943177270375,-0.7915649342145762,1.0263510619719889,0.9603631145922679,-0.11297347662841628,0.07071886045241609
-0.8263086110165132,0.7771598358464272,0.5692234353254872,-1.3992907133795964,-2.482123131907807,1.509465662000569,-0.49179917614217217
0.9048942608621414,0.10988050189278034,-0.4562982344728214,-0.6132809040610468,-0.15402820651944182,0.016330602203234103,-0.7074254710630999
-0.7181084315240973,-0.8000458625894654,-0.7718433636415317,-1.3363846020868608,0.9773485448147482,-0.41102775174135436,0.28747489894567485
-0.9074587456358251,2.4453581707305445,3.073862898102126,2.6421425809564614,0.39213682767096164,0.029933443198100106,-0.5359663575625961
-0.5558081622854734,2.7183360800752183,2.9752550452369038,-0.36995462960272174,0.8586849777123038,-0.8729952948914127,-0.022454731063248804
2.149196325024924,0.17054225952493005,-0.5746276579110878,-0.11277064495677828,0.4960106926991173,0.05671387883775303,-0.18085752316057005
-0.8533586558896171,-0.7090532261412408,-0.3576903816075994,0.7733312173457747,0.8950109884093665,-0.8369036412727479,2.195269936862483
1.6081954275628447,-0.4360753167965671,-0.5943492284841322,-0.21628430559115927,0.17770891373217113,1.6608672286994866,-0.7169766118304458
-0.8804087007627212,-1.2550090448305882,-0.2590825287423774,0.09763515737119613,1.1179704385681684,-0.17721947476262187,0.5036097045894722
-0.7722085212703053,-1.346001681278813,-0.08158839358497784,-0.18188674278265995,0.7815588456519359,-0.9425113180641942,0.15717902948944382
1.0671945301007653,-0.04177389218759395,-0.4562982344728214,0.06513916047959827,-0.0925956291422544,0.4458017699089803,-0.005110407708956203
-0.7451584763972012,0.5041819265017535,-0.6535139402032654,1.766456380141537,-0.3726314700214246,1.193939726666238,-0.7796343241073483
1.7975457416745726,0.9894759875589513,-0.0027021112928002438,0.6017653322862359,0.4977748601075907,-0.323355468913776,0.22899477800436133
-0.988608880255137,0.47385104768567865,-0.5746276579110878,-0.9246736450150858,-0.34717107038590017,0.9825581656443093,-0.924731907935824
-1.2861593738592807,0.7468289570303523,-0.5943492284841322,-1.0711381183819264,-0.12446053353108291,0.5289074298275546,-0.9518997570842449
-0.4746580276661615,0.8074907146625021,-0.5154629461919545,0.5770011722720763,-0.25594302603031593,0.15142647928265524,-0.6046879321945227
-0.9345087905089291,-1.4066634389109625,-0.7915649342145762,-0.5626196106538893,0.8591740043821327,-0.07197634597844121,0.23526839999216273
1.8245957865476765,-0.10243564981974367,-0.5746276579110878,-0.5302592576011599,0.48860794308694044,-0.14877483891931567,-0.6698852169150153
-0.5558081622854734,0.2918657747892295,-0.633792369630221,-0.4022512118664587,-2.2187042935604553,-1.2237947547522907,-0.05261713330522222
0.3909434082731658,0.01888786544455577,-0.18019624645019983,-0.3734850300258337,-0.012674977113751802,0.8346350977366228,1.0238157108778536
-0.8263086110165132,0.5951745629499781,-0.5154629461919545,-1.8947751526799743,-2.199594555224316,-0.6438533042532758,0.48644365980609705
0.6343938121311016,-0.5573988320608665,-0.16047467587715541,0.16696429653391012,0.3909912977505934,0.6490021700564624,2.5215496545795077
-0.3935078930468495,-1.2853399236466632,-0.6929570813493542,-1.6377529647403124,0.9684823336373347,0.9211043324824121,0.16671053770213054
-0.7181084315240973,2.2633728978340955,2.916090333517771,-0.570721800535188,0.8630210494568112,-1.2295084798998634,0.12531788102417862
-0.7722085212703053,0.44352016886960377,-0.633792369630221,0.40637776278957527,-0.3683225534085383,1.6357128329192845,-1.1950059926028451
-1.205009239239969,-1.2246781660145134,-0.37741195218064383,0.32878481454743097,1.2784978488443257,-0.8288859851831394,1.7790041643044214
-1.069759014874449,-0.5270679532447917,-0.337968811034555,0.44891360091392624,-0.8803564345985205,-0.0011691120580220185,-0.058756533851715385
-0.8263086110165132,-1.4066634389109625,-0.7718433636415317,0.7559600765141705,0.902585040467537,0.840513400232611,0.1387249021730009
0.8507941711159334,-0.16309740745189338,-0.239360958169333,0.0293803369776696,0.4631486141561023,-0.16002252086355456,1.6236846413669808
-0.3935078930468495,0.17054225952493005,-0.04214525243888904,1.7049139830993247,0.9936531587264205,0.3151679002307199,0.42964468322529514
1.7975457416745726,0.8681524722946518,-0.061866823011933435,-0.06915727911035376,0.35214395178624586,-1.1097567153731056,0.03467117551083135
-1.2861593738592807,0.1402113807088552,-0.535184516764999,-0.05584612046076865,-1.1022535441111623,3.4563257516343073,-0.8667148853456629
-0.6369582969047853,0.26153489597315466,-0.4760198050458658,0.5888337984828725,-0.20875652439048606,1.1298864346006083,-0.7460548630882454
-0.36645784817374555,0.26153489597315466,-0.5154629461919545,-0.32033849826498073,-0.4393750938708069,1.1861149260058006,-0.9720981861193958
-1.2591093289861768,0.17054225952493005,-0.4562982344728214,0.40246924831182834,0.47092783831985435,-0.320897585826968,-0.8844976649860359
-1.1779591943668648,-0.7697149837733905,-0.2590825287423774,0.8631444242348073,-1.1041615528543836,-2.3269980296838,-0.12428144084269634
-0.9074587456358251,-0.31475180153226767,-0.5154629461919545,0.8711450183126923,-1.1437310891297994,-1.2592855590279162,-1.129985416616084
-1.2591093289861768,0.8074907146625021,-0.633792369630221,0.700427395393498,-0.15281492473607597,1.2433233220527933,-1.059825353994418
-1.2320592841130729,-1.1640164083823636,-0.1999178170232442,-1.4560053680177174,0.7498085693836695,-0.9875527177102872,0.08268632859747407
1.2565448442124931,-1.2550090448305882,-0.02242368186584464,-0.0703542619280299,0.8156137868783546,0.3717761074690258,-0.8181913400519826
1.7704956968014687,-0.04177389218759395,-0.5746276579110878,-0.5328772602170713,0.17655215261243423,-0.4658910074858463,-0.6590861138473111
-0.6910583866509933,2.3846964130983945,2.9555334746638597,-0.6558166494866974,0.8700479234848473,-0.957452638571954,-0.06131182565623185
-0.6640083417778894,-1.2853399236466632,-0.732400222495443,-2.3552104835354926,0.8747137780967243,1.458829323944904,0.050457534974838805
1.0401444852276613,0.9591451087428764,0.13534888271851053,0.20264090023313833,0.2264456662879571,-0.2587707016382909,-0.21300772269267676
-0.6640083417778894,-0.0721047710036688,-0.4562982344728214,0.615427432437338,-0.8423775036059031,1.6946643108774821,-0.8737564350988901
-0.9074587456358251,0.32219665360530436,-0.5943492284841322,2.1905135221140215,-0.5901312993209764,-0.5111387140277184,0.38172877945785766
-0.28530771355443363,-0.9517002566698397,-0.37741195218064383,0.3774340668821555,1.2790719951927523,-0.9540961570853687,1.2868429229935456
0.7155439467504136,-0.46640619561264196,-0.239360958169333,-0.7453968157873475,0.3925117055733715,-0.6726686479407625,2.1902659270320033
-0.5828582071585774,2.688005201259143,3.0541413275290816,0.7943953540934455,0.5503259183663014,-0.7534490672808175,-0.6698578826406887
0.9048942608621414,-0.49673707442871684,-0.12103153473106663,-0.02915232654659025,0.434721221499193,0.2764676767120826,1.2018584823347236
-0.17710753406201774,0.6558363205821278,-0.5154629461919545,0.8655069807891983,-0.32626244961779005,1.4140382603800636,-0.5843606525660577
0.5802937223848936,-0.34508268034834255,-0.10130996415802224,0.18206756168594398,0.4244063688325819,-0.15912860543343854,1.4074560761296853
-0.014807264823393862,-0.19342828626796824,-0.0027021112928002438,-0.19876706174603448,0.8596499747266955,0.30440594151366374,2.0758194728905233
-0.5828582071585774,-1.2853399236466632,-0.8507296459337094,-0.49528078951069215,0.9191014084066543,1.4980238666504324,0.016584201194410942
0.8237441262428294,-0.5877297108769414,-0.3576903816075994,-0.09204358632412071,-0.4107343097698704,0.2207043469881502,0.5700721418341455
-0.9345087905089291,0.5951745629499781,-0.5746276579110878,-1.4256072788075766,-1.6407919040200103,-2.307721681456504,1.081459495449023
-0.7181084315240973,-0.011443013371519088,-0.6140707990571765,0.6528269756022668,0.7906149465295036,-0.07092841788675991,-0.8295537143088318
-0.5287581174123694,0.44352016886960377,-0.061866823011933435,3.407899457882933,0.8352953334843609,0.5948106069298985,1.6779483544141458
1.6352454724359489,-0.7393841049573157,-0.337968811034555,0.08187629348004703,-0.856553360379548,-0.437872194833534,1.0465110077549897
0.9860443954814533,-0.7697149837733905,-0.3576903816075994,-0.00848410003173342,-0.12401240912426137,0.07766667097464303,1.182127624673441
0.3909434082731658,0.2918657747892295,0.03674102985328855,1.2305002720159164,0.8912787730523668,0.061935767274516634,-0.4384876200117501
-0.8533586558896171,2.0207258673054964,2.8963687629447263,-1.3619280879652116,0.4341209759400425,-0.7015040355624578,-0.5418756968047882
-0.7451584763972012,-0.25409004390011797,-0.4957413756189102,0.6177243188655337,0.6836644881914908,0.652516729130438,-0.8573204652098935
-0.42055793791995355,0.2918657747892295,0.5495018647524429,-1.5441059624707458,-2.41124429782515,1.5937750537119286,-0.22952050061147508
0.4179934531462698,-0.011443013371519088,-0.5746276579110878,-0.503151806583807,-0.5068964798444567,-0.5701545934413886,-0.6877274721423694
1.202444754466285,1.050137745191101,0.07618417099937735,0.4651906091221937,0.33465598430316834,-0.31017499778996127,-0.15966261644919338
-1.1779591943668648,2.6576743224430683,2.8963687629447263,-0.347779861835342,0.9864783993254751,-1.238796975754702,0.02543673311120166
1.445895158324221,0.5951745629499781,-0.04214525243888904,0.6894290732655297,0.3892288981248366,-0.24978619450776857,-0.23620709761963152
0.5802937223848936,0.20087313834100493,-0.4562982344728214,-1.404177855927567,-0.10765869287486196,-0.9050512600225709,-0.27871148346347524
-0.36645784817374555,0.5648436841339032,-0.5943492284841322,-1.334941305015818,-2.1006585597976164,-0.9684170594370813,0.03449071118228207
-0.9345087905089291,0.5041819265017535,-0.5549060873380434,-0.16565055947654653,-1.402510190891728,-1.1162923718699882,0.3267428037904447
-0.5558081622854734,-0.3754135591644174,-0.6535139402032654,-0.1602483178623843,-1.221226195881007,-0.7613019361446238,-0.9304808031589774
-0.42055793791995355,0.32219665360530436,-0.6535139402032654,0.5581382983122725,-0.3536779031476856,0.03062878243077425,-0.6148061571038753
-0.7722085212703053,2.4150272919144697,3.0146981863829927,-0.3598679656646621,0.38936749345461436,-0.6094958198386408,-0.6555802045652841
1.8245957865476765,-1.1640164083823636,-0.061866823011933435,-0.28196156366993813,0.5723125505964436,0.07937878502680874,-1.004118105268718
-0.6369582969047853,0.20087313834100493,-0.6140707990571765,0.1524849291377411,-0.3487079298773832,0.7087392667133268,-0.707188242536486
1.445895158324221,-0.19342828626796824,-0.5943492284841322,-0.33113569182528524,0.24846681911237817,1.4898463136068882,-0.23069314926715404
-1.2591093289861768,-0.19342828626796824,-0.5549060873380434,0.06605950473497434,-0.2900713378553725,-2.93978754961016,-0.566585274103678
-0.4746580276661615,0.5951745629499781,-0.4957413756189102,0.708227845087794,-0.5394325642019151,-0.6316467260073495,-0.0031787064047243386
1.310644933958701,-0.10243564981974367,-0.6535139402032654,-1.4787326575139046,-0.015066027780397175,-1.1627862170250456,-0.2791603338594182
0.5261936326386857,0.44352016886960377,-0.061866823011933435,1.6154286968770861,0.9597791446403401,0.6634557084785064,1.8075662897900409
-0.36645784817374555,-0.7090532261412408,-0.2788040993154218,0.3736585572887835,-0.7972161637217453,0.41386008108340133,-0.07512231178937023
-0.28530771355443363,0.44352016886960377,-0.6140707990571765,1.6728648531134265,-0.28142862888937814,1.61823480298359,-0.5988742028403276
1.283594889085597,-0.8303767414055403,0.017019459280244155,0.32460343454172524,0.8557818847050057,-0.44576003725300317,-1.4477116904170648
0.06634286979591807,0.3525275324213792,0.5495018647524429,-1.0755372831366914,-2.4644472848718255,2.8888445258597772,-0.4734825802061396
1.7434456519283648,-1.0730237719341391,0.09590574157242175,0.695430629729114,1.0199537421214442,-0.5972839418668073,-1.4735030460312688
-0.17710753406201774,0.04921874426063063,-0.4562982344728214,0.7864694850297123,-0.2471649620722001,1.2170970116420525,-0.5852065286464337
-0.3935078930468495,0.44352016886960377,-0.5549060873380434,-1.69293683051264,-2.135080961048538,-0.7879128951508575,-0.39212731217018354
-0.4746580276661615,2.0207258673054964,3.0935844686751706,1.8691661359499103,0.4855423744514061,-1.1916981261993886,-0.6114091095892464
-1.3402594636054888,-0.8000458625894654,-0.239360958169333,-0.32712151069055484,0.9816261928188454,-1.0189509374127879,0.026877301189495276
-1.2861593738592807,2.4453581707305445,2.9752550452369038,-1.0573280947726105,0.44313751674340757,-0.8487541606010357,-0.5869654036508332
-0.6099082520316814,0.44352016886960377,-0.5746276579110878,1.7739482023326165,-0.4499994756144621,1.5749169164356918,-0.5622565910052338
-1.3132094187323848,-0.9820311354859146,-0.08158839358497784,-1.3259826678961542,0.7115101405605834,0.11920102850493772,-0.012747779612598454
-0.8533586558896171,-0.4360753167965671,-0.6140707990571765,0.717193300492726,0.4645770121588267,0.5328042503027005,-1.0681186531264162
0.28274322878074987,0.17054225952493005,-0.6140707990571765,-0.45483693029559313,-0.5458778386121222,-0.0024649439709365545,0.027185485777921098
0.20159309416143795,-0.2237591650840431,-0.061866823011933435,3.303540714476403,0.8672944119542009,0.12863568271423884,-0.27213012742834947
-0.7722085212703053,-0.46640619561264196,-0.337968811034555,1.1614965388212068,-0.8229938091239478,-0.8436958503418174,-0.0893049727368774
-0.6099082520316814,-0.5573988320608665,-0.5154629461919545,0.7664053463611955,0.685551454675663,0.8758270770071444,-0.789506092539822
-0.8263086110165132,0.20087313834100493,-0.4562982344728214,0.33151919347870096,-0.1048428385558562,0.3220417644790632,-0.7656185864665473
-0.9074587456358251,0.41318929005352895,-0.5943492284841322,1.0995090519271058,-0.6702909142677768,-1.1135686307884636,0.4649621767470122
-1.015658925128241,-1.4066634389109625,-0.10130996415802224,-1.4678447710952127,0.8821920347889814,0.6915964766310801,0.111396557256644
-0.5287581174123694,0.04921874426063063,-0.5154629461919545,-0.5386491191624292,-2.244054666417608,-0.7766563030746252,0.10349234017236213
0.8237441262428294,-0.7090532261412408,-0.337968811034555,-0.19597961773952133,-0.8731946119085515,0.7097567213810387,0.5723644515313193
0.6884939018773095,-0.4360753167965671,-0.4760198050458658,-0.27411411770681093,-0.7070976086499908,0.668886276841866,-0.7105051789579389
0.9589943506083494,0.7771598358464272,-0.061866823011933435,0.42758929047101035,0.5045348952640173,-0.8610034804411092,-0.07773629534791575
-1.3673095084785927,2.111718503753721,3.0935844686751706,-0.7133464116873954,0.9645544472228671,-0.8824690674128615,0.3189805686727042
-0.28530771355443363,-1.4673251965431122,-0.3182472404615106,0.08393224020719105,1.1322083294625875,-0.6375993997784677,0.7242604809152521
-0.9074587456358251,0.10988050189278034,-0.535184516764999,-1.136173570104833,-2.289924271179999,-0.8847593872269635,-0.7705539235196155
-1.205009239239969,2.1723802613858707,3.073862898102126,0.4487985204080609,0.5152764448039115,-0.9564453674640593,-0.6076863829209509
1.6352454724359489,-0.4360753167965671,-0.5154629461919545,-0.5997685044219696,0.3996170541910462,-0.43949650674542334,-0.27017814308943444
-1.123859104620657,-0.0721047710036688,-0.5746276579110878,0.27611965530429716,-0.9902744777574547,-1.2688525917892823,-0.9997630054437082
-0.8263086110165132,0.6255054417660529,-0.633792369630221,2.0510043683338215,-1.2461529675006016,-2.2106231961691045,1.0202857340158935
-0.4476079827930575,0.5951745629499781,-0.6535139402032654,-0.9215834707205565,-0.34042829731858715,1.4859663773168323,-0.9120069843013695
1.229494799339389,-0.3754135591644174,-0.16047467587715541,-0.40636801046262055,0.025708335743303362,-0.49739244308441494,1.5727025231392744
-0.4476079827930575,-1.2853399236466632,-0.7521217930684874,1.204281026417251,1.0377663504014347,1.140614125362051,0.2115746913689893
-1.3402594636054888,-0.7090532261412408,-0.37741195218064383,0.5303109984948062,-0.8975501652658409,-0.054284268147903374,-0.21411449916337924
1.364745023704909,1.1714612604554004,-0.061866823011933435,0.5094900774971305,0.4127044612519479,-0.9248807742232401,-0.0995501742418793
1.2565448442124931,0.6255054417660529,-0.061866823011933435,0.16383423221348303,0.317519236628864,-1.028318593094906,0.17388809350987142
-1.205009239239969,0.5648436841339032,-0.6535139402032654,-0.5226699262387394,-0.21153276890800035,1.537153329339857,-0.886885922567503
1.121294619846973,0.8378215934785769,0.07618417099937735,0.3449298631970952,0.4495494658062417,-0.04921177249501842,-0.16637156409571288
-0.6369582969047853,-1.2246781660145134,-0.8310080753606649,-2.4227988121064405,0.8926419539398407,1.1057848211313972,0.13970087190587335
-1.096809059747553,0.6558363205821278,-0.6140707990571765,-1.4210307084632203,-0.15127865122021228,1.6170054545613268,-1.1669907661131986
-0.9615588353820331,2.4150272919144697,2.9752550452369038,-0.32497678622073,0.9040180787878939,-0.8389670424290875,0.25520591307612983
1.0401444852276613,-0.25409004390011797,-0.239360958169333,-0.851943285999162,0.4051658741585501,-0.04362607770359499,1.4835579451795
-1.123859104620657,0.38285841123745407,-0.535184516764999,0.8823269706493744,-1.6709119450442749,-0.9740209002530971,0.969476978213836
1.0942445749738692,-1.4066634389109625,0.09590574157242175,-0.10003507620623078,0.7997569819860152,-0.024645487916844174,-1.0852229156971243
0.12044295954212603,0.38285841123745407,-0.5154629461919545,1.038943150885007,-0.11811259737672172,1.6370667390638853,-0.6670822118229817
1.202444754466285,0.6558363205821278,-0.061866823011933435,0.658511575485781,0.5164841499630357,-0.8323747473648497,0.09981939883856801
0.9319443057352453,-0.9517002566698397,0.09590574157242175,0.06326916931793101,0.8216208357481637,0.48041886621279795,-0.7969053733749106
2.176246369898028,-0.04177389218759395,-0.633792369630221,-0.39196065615053577,0.5844193561301342,0.012503761029196182,-0.2707058341974
1.337694978831805,0.1402113807088552,-0.14075310530411103,-0.48726430056414405,0.7370300969123141,0.23487299424046099,1.0334558230181514
-0.17710753406201774,0.10988050189278034,0.09590574157242175,3.2859524752605864,0.8549314530920743,0.5863224495177921,-0.5180149955748115
-0.3935078930468495,-0.31475180153226767,-0.535184516764999,0.5362005157588273,0.601593003244694,0.8550643642525203,-0.9151149550556483
-0.7451584763972012,-0.4360753167965671,-0.5154629461919545,0.7123870523532698,0.4725780809577052,0.5002058564222555,-1.1124388985578892
-1.096809059747553,0.07954962307670549,-0.5943492284841322,0.4638334074484572,-0.12489587354475039,1.0954214337348682,-1.0385968560965546
-0.4746580276661615,-1.1640164083823636,-0.8112865047876205,-1.934970721384305,0.9072849125768877,1.5127498452340642,0.11311086071844172
-1.096809059747553,0.7468289570303523,-0.5943492284841322,-1.4009608540322782,-0.39084653155343635,-0.2309686356722478,-1.0752852770700163
1.4188451134511169,-0.34508268034834255,-0.6140707990571765,-0.26623330415613694,0.5906581726931484,0.0659045344903195,-0.40615347757572434
-0.28530771355443363,0.7468289570303523,-0.5549060873380434,-1.273882818857868,-2.2667028808016507,-1.0392420595426504,-0.4225482611323454
-1.3673095084785927,-0.8607076202216151,-0.6732355107763097,-1.2444085767305935,0.9205836413514183,-0.14766847864556013,0.23421921099744095
-0.7722085212703053,0.41318929005352895,-0.5154629461919545,0.667750142957769,-0.310866688819493,1.2870368158859815,-0.8787628735087516
-1.1779591943668648,2.2027111402019455,3.0541413275290816,-1.7519144399099555,0.4736457988709588,-1.0483790174864567,-0.5467782983375811
1.472945203197325,1.262453896903625,0.03674102985328855,0.33315010680257723,0.5486128853944916,-0.8076818397678467,-0.044445759823154726
1.554095337816637,0.5648436841339032,-0.04214525243888904,-0.09502076681970288,0.6069300230414125,-0.4706308320299822,-0.2272665254481644
-0.5828582071585774,-0.5270679532447917,-0.4562982344728214,0.5208009796431199,0.7619763714849731,0.8419834638537219,-0.9940665598995201
-1.3673095084785927,0.5041819265017535,-0.535184516764999,2.101684923347552,-0.6899343675306023,-2.322712070782198,-0.0343507495416261
-0.36645784817374555,-1.0730237719341391,-0.3576903816075994,0.39267897367621035,1.25069935855271,-0.11778000097854635,0.9845190890137386
-0.8263086110165132,-0.25409004390011797,-0.633792369630221,0.8471267554334803,-0.7531945522409301,-2.3822304752022965,-1.05070451399546
-0.9074587456358251,0.7164980782142775,-0.4957413756189102,-0.22312928611184848,-2.267540943759482,-1.038177585902399,-0.711291817930519
-0.4476079827930575,-0.7393841049573157,-0.7915649342145762,1.2295469309677953,0.8835207779609919,-0.0331129833509025,0.03325545233157546
-0.04185730969649784,0.5648436841339032,-0.6535139402032654,1.1664075719938354,-0.16105888625304776,0.8506439215870312,-0.5181448688421428
1.0130944403545572,-1.1033546507502139,0.07618417099937735,0.8401269818891778,0.8656172578932427,0.21966967464919498,-1.4136418876044639
0.47209354289247774,0.1402113807088552,-0.1999178170232442,-0.4774144463041822,0.5197833750327616,-0.1803964106515991,2.1297265727043904
1.6893455621821567,-1.4369943177270375,0.07618417099937735,0.4178574712414525,0.8478244213624717,0.3407305834956133,-1.4165766081160185
-1.1779591943668648,-0.25409004390011797,-0.5154629461919545,-0.02725935794108032,-1.191685284237901,4.44200336581084,-0.5279745766391881
1.0401444852276613,-0.9517002566698397,0.07618417099937735,-0.1474785787929888,0.6575235903206084,-0.333558925878994,-0.9112075318674956
-1.042708970001345,-0.678722347325166,-0.436576663899777,2.0005598676023957,-0.87308800556126,-1.391991273886448,-0.05952563465246612
-0.7451584763972012,-0.9213693778537648,-0.4168550933267326,1.7907764206816945,-0.8961473606890736,-1.6934513323579363,-0.11206127233629334
-0.7992585661434092,-1.346001681278813,-0.16047467587715541,-0.22347856298138274,0.8607853566962022,-0.6694901617918257,0.03827134812387733
1.0671945301007653,-0.10243564981974367,-0.08158839358497784,0.25085477241177134,0.09209881206748244,-0.28706649321162403,1.2297741917136673
-1.123859104620657,0.10988050189278034,-0.4760198050458658,0.8377935169482349,0.8191240137942845,0.8868463029095744,-1.0948848580917665
-0.6640083417778894,0.2918657747892295,-0.6140707990571765,0.8350752952032281,-0.25535193208427726,0.6102453890887258,-1.0593923874340443
-0.36645784817374555,-0.5270679532447917,-0.4168550933267326,0.37639970322518856,-1.0537777944144537,-0.7284197339587533,-0.2370774494810344
-0.3394078033006416,2.4756890495466193,3.0541413275290816,-0.37145302520347917,0.9959296059121505,-0.6577093668215622,-0.04849019129359589
-0.6369582969047853,0.32219665360530436,-0.535184516764999,1.419586801187806,-0.1230521281384202,1.3744353967124698,-0.5398205367443002
-0.9345087905089291,2.7183360800752183,2.9358119040908153,-0.5971057697522945,0.989574402405729,-0.7369282443269873,0.24281847729569817
0.14749300441523,0.6861671993982026,-0.633792369630221,0.5183440913132698,-0.458798834500013,1.334966670446695,-0.7275035464567888
-1.096809059747553,-0.2844209227161928,-0.4760198050458658,1.0547955852388846,-1.272715730185877,2.0061383598253952,-0.8183898281958616
1.391795068578013,-0.13276652863581853,-0.535184516764999,-0.18764589806142637,0.6009149084949604,-0.2871504403034621,-0.2480037956693041
-0.23120762380822568,0.23120401715707978,-0.5154629461919545,0.12389839737864773,-0.4095828425904184,1.2132887645743886,-0.6020564795833044
0.33684331852695787,-0.31475180153226767,-0.6140707990571765,-1.2535342233792068,-0.26701517826585536,0.4263607477639192,-0.5823800445729418
-0.9345087905089291,2.324034655466245,3.0146981863829927,0.6855329251888896,0.5089286013842245,-1.0222984250739444,-0.6270582695171728
-0.42055793791995355,0.6255054417660529,-0.5154629461919545,0.2127032258315399,-0.37910719321214614,0.5440697782627502,-1.0970966857683522
1.0942445749738692,-1.2246781660145134,-0.02242368186584464,0.6834315403200084,0.9409817107015519,-0.4277999962159264,-1.367000224987517
-0.6910583866509933,-0.5573988320608665,-0.5549060873380434,0.642559480167323,-1.2578359460079631,3.1503991354139043,-0.5718736620393611
0.8778442159890374,1.23212301808755,-0.02242368186584464,0.34597671751087355,0.43341052888501924,-0.008995563410543028,0.15614562028967544
0.6073437672579977,0.1402113807088552,-0.535184516764999,-1.1187739392151774,-0.6159026777408109,0.15412898798317415,-0.7754037200068878
-0.6640083417778894,-0.49673707442871684,-0.3576903816075994,1.9240517998643556,-0.9842924246901497,-0.39938954592238995,-0.11028879515226289
-1.123859104620657,2.536350807178769,2.9949766158099482,-0.8920839672112448,0.8627067855354859,-1.0811516958663412,-0.012740672281492227
1.0671945301007653,-0.4360753167965671,-0.21963938759628862,-0.16373020925276535,0.4594682898969442,0.4953515856104847,1.5792963984269273
-1.3132094187323848,2.7183360800752183,2.916090333517771,-0.578251063139697,0.8521673178413703,-1.0389165474416884,0.11542903219858483
1.8245957865476765,-0.6180605896930162,-0.3576903816075994,-0.2983633463013656,-0.1884095384057469,-0.14646280902782555,1.2632698616777807
1.7163956070552606,-0.40574443798049226,-0.6140707990571765,-0.2600003441237733,0.389925135719087,-0.14543498796232843,-0.6161943330421876
1.8786958762938846,-0.9213693778537648,-0.3971335227536882,0.0056578243715586975,-0.9022733048184156,0.5168931868239018,1.6785420644495912
-0.5828582071585774,-1.1336855295662889,-0.239360958169333,-1.1506199012620009,0.7839300573703216,-0.9476920705331975,-0.011684638318955928
0.06634286979591807,0.41318929005352895,-0.6140707990571765,1.2094736979650675,-0.10806611437582647,1.0566165741069282,-0.7606170348896419
-0.9074587456358251,0.10988050189278034,-0.5549060873380434,0.5645200180634666,-1.1750786249821512,-3.4543269921795887,-0.6754445580976681
0.2556931839076459,0.04921874426063063,-0.16047467587715541,-0.12811354611111803,0.7851613807516522,0.7100065153863419,0.8682905186418255
-0.9615588353820331,-0.7697149837733905,-0.3182472404615106,0.6307760039909097,1.263903346538245,-0.3319222839925437,2.187491232567622
0.2556931839076459,0.04921874426063063,-0.239360958169333,0.09534491172011872,0.40592576133846936,0.8447011081903064,0.8527138091608336
-0.23120762380822568,0.26153489597315466,0.5297802941793985,-1.472416909652761,-2.3531528342625867,0.6878483317514443,-0.3918419682061858
-1.015658925128241,0.20087313834100493,-0.4562982344728214,-1.6779703294731325,-2.27739050624878,-1.0176937010499418,0.4478451739957919
-0.8263086110165132,2.081387624937646,3.073862898102126,-2.7310435111090974,0.4225699741051202,0.0141794491226806,-0.6954659666391206
0.4179934531462698,-0.2844209227161928,-0.5549060873380434,-1.295101154963007,-0.10786645393541569,0.3394649352986192,-0.4121944090171599
1.121294619846973,-1.4066634389109625,-0.061866823011933435,0.2093653211630707,0.4350349997954639,0.6029570247275309,-0.9408080205146541
1.8786958762938846,1.0198068663750262,0.07618417099937735,0.4796447348594527,0.20717318800736204,-0.7350377344962712,0.28021303947935416
-1.2861593738592807,-0.8000458625894654,-0.08158839358497784,-0.21230835576728269,0.9228371763528439,0.14800282029369233,0.13493673269082646
1.8245957865476765,-0.9820311354859146,0.05646260042633295,-0.23955047827330628,0.6678820300758268,0.2606700165519435,-0.9937858154354389
-0.6099082520316814,0.8074907146625021,-0.6140707990571765,-1.187820917339818,-2.3635714095417333,-0.8587432245969344,0.7355379842659909
-0.014807264823393862,0.20087313834100493,-0.02242368186584464,1.3673357270397193,0.955039059282128,0.5814251345279122,-0.17572139332827905
0.7155439467504136,-0.5270679532447917,-0.4957413756189102,-0.18350010646745427,-0.6583932818704441,0.22193957197723757,-0.2723555135997298
1.391795068578013,-0.49673707442871684,-0.4562982344728214,-0.06506089000679983,0.2906052774304822,-0.7319009096523557,-0.5550672950734733
-0.7722085212703053,0.20087313834100493,-0.5943492284841322,-1.1937117797211516,-0.4544634911930873,0.34458911357983446,-1.1170409944234585
-0.5017080725392654,0.5345128053178283,0.7269959999098424,-0.9894858033193497,-2.5531452665969456,-0.09318940667609187,-0.20698752790300876
0.33684331852695787,-0.5573988320608665,-0.633792369630221,-0.7134537587548645,-0.2721674979201977,-0.2625910700907206,-0.35777408516912057
1.202444754466285,0.8681524722946518,-0.0027021112928002438,0.3452218147957896,0.5322596883696669,-0.9751473971676387,-0.19404970441858355
1.121294619846973,0.20087313834100493,-0.4957413756189102,-1.3761000684429001,0.0038402238020564207,-0.9717325092508045,-0.6074691794082928
-0.988608880255137,0.41318929005352895,-0.6535139402032654,-1.1993221792257134,-2.094679259202945,-1.0124222660988613,0.6475169997211061
-0.8533586558896171,0.04921874426063063,-0.5549060873380434,0.3527951526739085,0.7335592159296497,0.9128303607374211,-0.8824848277433279
0.5532436775117897,-0.5573988320608665,-0.4760198050458658,-0.6648309827468485,-0.5335075913422361,-0.8368447301066987,-0.6430399354725601
-1.015658925128241,-1.1336855295662889,-0.7915649342145762,1.7939158495431835,0.9718063479845191,0.6096503454949864,-0.059874416793852706
-0.36645784817374555,-1.0730237719341391,-0.18019624645019983,-0.29537215844044695,1.0339832210206188,-0.06655133357166375,0.12169686590934717
1.445895158324221,-1.0730237719341391,-0.3576903816075994,-0.4026555379578885,-0.4943286181208978,0.39075217394743955,0.6772805970936471
0.9319443057352453,1.0804686240071757,0.05646260042633295,0.7035028680685936,0.5945388257991575,-0.4097023953592792,0.0912714272779712
0.7696440364966215,-0.31475180153226767,-0.18019624645019983,-0.7846398126455396,0.41568662512835647,0.7550715101435291,1.9416394668881634
-0.5558081622854734,0.3525275324213792,0.6678312881907092,-0.9724117046257154,-2.5155965962666413,0.80788728837364,-0.4835983468619177
-0.7722085212703053,-0.34508268034834255,-0.5154629461919545,-0.020130275626545773,-0.6479934291395234,1.8171794536972194,-0.9958566358703476
-1.1509091494937609,-0.8303767414055403,-0.436576663899777,-0.019122948433115145,0.9054485756406001,-0.9964315792599051,1.9787940408452558
1.283594889085597,-1.0730237719341391,-0.4168550933267326,0.37796034304484943,-0.1316095203086342,0.0514455109292166,1.1567498024610532
1.554095337816637,1.1714612604554004,0.09590574157242175,0.3463342425924378,0.5166020000535163,-0.2569478379931958,0.025909596805017115
-0.5828582071585774,2.051056746121571,2.916090333517771,-0.5514640478621519,1.0254819104803121,-0.51099362566165,0.36354372831473614
1.6622955173090528,-0.4360753167965671,-0.37741195218064383,0.09474332673869135,-0.36090190018042284,0.3221187714536421,0.8015229872673644
-0.8804087007627212,2.1723802613858707,3.0541413275290816,-0.6314317021053881,0.903226160066097,-0.40699449551386707,-0.017176233138027377
0.33684331852695787,-0.10243564981974367,0.07618417099937735,0.5918910943234227,0.9764321649610237,0.354590168913773,0.22274708836620707
-0.8533586558896171,-0.5573988320608665,-0.4760198050458658,0.2890913513127222,0.5470892188663199,0.5239862300185325,-0.9840652084277979
1.391795068578013,-1.2853399236466632,-0.061866823011933435,0.6680455559653855,0.971934591974344,-0.1556886854535897,-1.435759510814314
1.6893455621821567,-0.7697149837733905,-0.0027021112928002438,0.6375904393036343,0.94336892116712,-0.393792793296638,-1.43057079849295
1.5270452929435328,-0.31475180153226767,-0.5943492284841322,-0.6346552796914732,0.4526551674997838,0.3460364228869893,-0.6868688958692658
-0.5287581174123694,0.6861671993982026,0.6678312881907092,-0.9505976768097247,-2.4003578528215836,1.4458655145263306,-0.4396985375199993
1.4999952480704288,-0.13276652863581853,-0.4760198050458658,-0.5139210110535047,0.22577283232698261,0.6528580786047393,-0.23265563374688922
-0.5828582071585774,2.566681685994844,2.9358119040908153,-0.6812371951927706,0.9410951314793821,-0.831095203482239,0.3285226039863014
1.1483446647200772,1.1411303816393255,-0.02242368186584464,0.4345248277605052,0.532232247866127,-0.4829957543947031,0.2493723955587023
-0.3394078033006416,-1.1943472871984386,-0.21963938759628862,-0.7572350098371106,1.039585935513311,0.23439993704917625,-0.01550608451354748
-0.6369582969047853,0.17054225952493005,-0.5154629461919545,-0.7559636609662089,-2.160441979577434,-0.878393258867153,0.48048583275158696
1.391795068578013,-1.1943472871984386,0.07618417099937735,0.22688361822321823,0.8161277945668989,0.04429649742713061,-0.82807173299915
1.0401444852276613,-0.3754135591644174,-0.1999178170232442,-0.4962560192860031,0.14570874350194615,-0.16945391617920372,1.743004808490598
-0.28530771355443363,-1.4673251965431122,-0.37741195218064383,0.5601157982710565,1.179921093207696,-0.8438596899004012,1.0292523433013843
-1.069759014874449,-0.2237591650840431,-0.4760198050458658,0.3960890216014059,0.8232219572325574,-0.022024611218954285,-0.8500620781669754
-0.3123577584275376,0.20087313834100493,-0.6535139402032654,1.8636419915999896,-1.8118607585380138,-1.8956984114741833,0.242547323928866
-0.28530771355443363,-0.89103849903769,-0.4562982344728214,0.6038031988221607,-0.9403588094547922,-1.3279558844906476,-0.13771744264073676
-0.3123577584275376,2.6273434436269936,3.0541413275290816,-0.8925740218498042,0.41229918743226746,-0.16285635100365847,-0.6193232041991162
-0.17710753406201774,0.07954962307670549,0.017019459280244155,2.680149985002072,0.8881535410781514,0.05591015016705308,-0.706716375280359
-1.2320592841130729,2.2027111402019455,2.9358119040908153,-2.5333473652864167,0.4380485908703928,-0.07578308656425096,-0.6586488126834757
-0.7992585661434092,-0.46640619561264196,-0.5549060873380434,0.2880611038725192,-0.35225018788719664,-0.8782243127213615,-0.7473384172308961
0.22864313903454195,0.04921874426063063,0.6086665764715761,-1.0408588136810442,-2.4431335228901383,2.9482897345756283,-0.38452144593626836
0.8507941711159334,-1.0730237719341391,-0.0027021112928002438,0.680709689519493,1.0185909523323764,-0.4085610821313216,-1.389621545549002
1.310644933958701,-0.3754135591644174,-0.239360958169333,-0.23402177788087325,0.5070213425822774,0.33772860680393146,1.4304367736051027
0.2556931839076459,0.44352016886960377,0.6875528587637537,-1.2867178237293397,-2.374186622200527,0.1861130411386406,-0.32526454436830093
-0.7992585661434092,0.8074907146625021,-0.5549060873380434,0.5053296000622268,-0.14156154206853605,1.1260146964045408,-0.7088691742922609
-0.04185730969649784,0.47385104768567865,0.6678312881907092,-1.445496349077141,-2.511869522084111,1.0130269581478548,-0.39297955119367756
-0.8263086110165132,-0.8000458625894654,-0.14075310530411103,-1.0120175202529638,0.9446395376184722,-0.9995167704039593,0.127934580314205
-0.9074587456358251,0.7164980782142775,-0.4760198050458658,-0.9615091047537137,-2.3519342890025006,-1.1690046882740877,0.09976162825110364
0.4991435877655817,0.32219665360530436,-0.02242368186584464,2.873154367552702,1.0338310340132324,0.6658340042577138,1.504886437870198
-0.5828582071585774,0.5345128053178283,-0.5943492284841322,-0.6843049738757266,-0.4162763291946374,-0.08487264827125822,-0.9054181020585713
1.202444754466285,-0.7090532261412408,0.07618417099937735,0.7566074881829528,0.8469871374654985,0.21131119571013868,-1.401730723888419
-0.7181084315240973,0.8074907146625021,-0.5154629461919545,-1.7618372736872612,-2.3409564335943065,-1.0820445464584285,-0.12182702500979446
-1.2320592841130729,-0.6483914685090911,-0.29852566988846624,1.3173207368615638,-0.8440681503378856,-0.8158095359875644,-0.18344928671957783
0.7425939916235175,-0.49673707442871684,-0.5154629461919545,-0.05963971221767279,-0.3634452650846347,-0.18773456874464703,-0.5244558468391995
-0.6640083417778894,0.38285841123745407,-0.5154629461919545,-1.4949528650865307,-0.2834597964471542,-0.22645884575688957,-0.9401042950370871
-0.7722085212703053,-0.9213693778537648,-0.08158839358497784,-1.0875695429020673,0.8012050858829017,-0.42810172908023586,0.06940565437240041
-0.04185730969649784,0.5345128053178283,0.5495018647524429,-1.1702860587692883,-2.4098453110497795,0.17603284400370126,-0.3243643174702651
-0.3123577584275376,0.47385104768567865,0.09590574157242175,0.056306120237521386,0.9673446870602165,0.6291147168211974,2.5026626404973205
-0.988608880255137,2.6273434436269936,2.9358119040908153,-0.4521142254836457,0.8722342728871761,-0.5216060448094153,0.17247727923827635
0.8778442159890374,-1.4066634389109625,-0.061866823011933435,0.6784013538156317,0.8649934375672643,0.2932448346351644,-1.414512962502911
-0.42055793791995355,0.38285841123745407,0.6481097176176649,-1.2373391923791686,-2.4933608540633267,-0.4353517927497757,-0.3303544488645507
-0.7722085212703053,2.566681685994844,2.8963687629447263,0.43199874872615374,0.5413418490345214,-0.34528103501169116,-0.5514519909742148
0.2556931839076459,-0.0721047710036688,-0.239360958169333,-0.5814334174164466,0.5098227634437132,-0.576886941102009,2.7772623427738954
1.7975457416745726,0.9894759875589513,0.09590574157242175,-0.08838988874011908,0.5433062565871141,-0.995276648466058,0.22351091837889456
-0.6369582969047853,0.8074907146625021,-0.6535139402032654,-1.2965183504467688,-2.249816243918205,-0.8858246604614309,-0.3127855665974777
-0.6099082520316814,-0.16309740745189338,-0.6535139402032654,-0.09532229991386364,-0.7246921636646294,3.5765838086597195,-1.1328399945508676
0.33684331852695787,-0.34508268034834255,-0.535184516764999,-0.4698403195009535,0.04034190085069835,-0.8729011616645744,-0.6586875812928819
0.12044295954212603,0.20087313834100493,-0.6535139402032654,1.410817383811262,-0.11875471286503894,0.8841716705613155,-0.7127550592635544
0.9860443954814533,-0.46640619561264196,-0.37741195218064383,-0.08687793348902531,-0.6068991121758709,0.22698339168364662,0.9524668315078828
0.8507941711159334,-0.5573988320608665,-0.08158839358497784,0.2607413452186872,0.30372726601279126,-0.3056050425946003,1.20023534559334
-0.8804087007627212,-1.2550090448305882,-0.7915649342145762,-2.574581344833531,0.9132767901436801,-0.34804138488986597,0.28743824407969987
-1.3673095084785927,-1.4673251965431122,-0.239360958169333,-0.25494461419663283,0.8715881276964932,-0.41647244755676827,0.03661012889833061
-0.6369582969047853,0.5345128053178283,-0.4957413756189102,-0.43208747989305285,-1.1174575623078065,0.8153548815849763,0.8570298264451881
0.30979327365385384,-0.04177389218759395,-0.633792369630221,-0.6645291242210786,-0.5640505548937655,0.6318216548358854,-0.7171682785287368
1.283594889085597,-0.8000458625894654,-0.4168550933267326,-0.18356611583144716,-0.9022289973561108,0.9808255943411188,1.7033369226650876
-0.6099082520316814,0.6861671993982026,0.6678312881907092,-1.001646330473812,-2.5613009406726244,0.2292788270980966,-0.3572933174644927
-1.042708970001345,2.688005201259143,3.0541413275290816,1.117717956278147,0.4987654518919198,-0.6483105591548436,-0.6965275742836172
-1.1509091494937609,2.597012564810919,2.9752550452369038,0.7346709481865564,0.45288613642041287,-0.18017347451381557,-0.6761993948395313
-0.12300744431580977,0.6861671993982026,0.5692234353254872,-1.461262983880628,-2.3181593527313864,0.6328327822798098,-0.3574847143809433
-0.7722085212703053,-0.7090532261412408,-0.7126786519223985,-1.9453145670191276,0.9443715666670545,-0.15753751981577885,0.28098465353950086
1.1483446647200772,0.07954962307670549,-0.12103153473106663,-0.35251449332558177,0.48360802547690906,1.1670796032868604,1.6572127321963592
1.337694978831805,-0.6483914685090911,-0.436576663899777,-0.08084405279135168,-0.6226725127570777,-0.5573617426738526,0.37491381876646895
1.7163956070552606,-0.8000458625894654,-0.0027021112928002438,0.4291737676628847,0.9678811132441267,0.06701536141839463,-1.3965290899035212
-0.42055793791995355,-1.0730237719341391,-0.436576663899777,1.252487486644471,-0.9220577255370921,-1.541206050839615,-0.11070722171994217
1.7163956070552606,-1.0123620143019894,-0.436576663899777,-0.017354186224685646,-0.3924367923291621,1.0335490265211555,1.6299231899061668
2.2573965045173403,-0.04177389218759395,-0.5943492284841322,-0.33139643157429693,0.2312097564868467,1.9549785025866937,-0.49532291490975283
-1.123859104620657,0.7164980782142775,-0.6140707990571765,-1.08887894360336,-2.1046169124643486,-0.8922130899030488,0.047991557063075625
-1.3402594636054888,0.26153489597315466,-0.4957413756189102,-2.0135528574592776,-2.376873659545902,-1.1183359956235235,0.6427782301316803
0.5802937223848936,-0.40574443798049226,-0.1999178170232442,-1.0315364248883807,0.482814915988143,1.4371235754385765,2.562932419256656
0.9589943506083494,-0.40574443798049226,-0.29852566988846624,0.09747785359341914,-0.8586978376127427,1.230892154401817,0.59342811471522
-0.28530771355443363,-0.7393841049573157,-0.12103153473106663,-0.19965102866456627,0.7877963321219731,0.8082695227353935,0.1300916788271698
-1.096809059747553,0.7771598358464272,-0.5943492284841322,-0.9033561903313803,-0.7150378296151293,-1.0965462086063718,1.4677292547554033
-1.123859104620657,-1.3763325600948877,-0.6535139402032654,-2.2289798584623077,1.0270967002492186,1.9547027829299934,0.12152766872713165
-0.8533586558896171,0.10988050189278034,-0.4957413756189102,-0.3887670853310277,-1.0815812717707431,1.11512136860702,0.6806828283641025
0.14749300441523,0.6558363205821278,-0.6535139402032654,0.8987862383089764,-0.509162857478204,0.8703022312067185,-0.6719059795194794
1.0130944403545572,-0.04177389218759395,-0.18019624645019983,-0.3383851009976694,0.7454778820741527,0.5199902984884749,0.9255998913423944
1.121294619846973,-1.0123620143019894,0.13534888271851053,-0.10646705245927447,0.7210908499990795,0.14348139827827255,-0.8004914474893533
0.6614438570042056,-0.46640619561264196,-0.18019624645019983,-0.4334724714538054,0.5986435644042446,-0.33638012989853205,3.26466766679247
-0.5287581174123694,-0.16309740745189338,-0.6140707990571765,0.6382865197624815,0.6948969589661173,0.15242779141788307,-0.8994271790509053
-0.6099082520316814,-1.4369943177270375,-0.16047467587715541,-0.69787167720247,0.8919392347742915,0.37790594350620155,0.06087955305393226
-0.988608880255137,0.1402113807088552,-0.6140707990571765,0.9649120930117596,-0.5135846115812626,-2.40864142492194,-1.2668829866617926
1.5270452929435328,-0.5877297108769414,-0.3182472404615106,0.22288739696862828,-0.22478010833751333,0.3910499281545444,1.343818448356941
1.7975457416745726,-0.8607076202216151,0.09590574157242175,0.6851872911810531,0.9271082572188659,-0.08038430705224849,-1.4291680465548433
1.310644933958701,0.01888786544455577,-0.21963938759628862,-0.8877539024345937,0.39890584913086374,-1.1350602695955645,1.721957896750532
-0.9074587456358251,-0.7393841049573157,-0.436576663899777,0.09803691353907965,0.9790182935416195,-0.5207791330568469,1.6629425908818767
0.03929282492281409,0.20087313834100493,0.6086665764715761,-1.221089676238688,-2.383139821189821,2.4513523813663873,-0.5043545423424701
0.9319443057352453,-0.5573988320608665,-0.3182472404615106,0.11927093939235235,-0.7680659885062374,0.4862639655912001,0.5356945584725882
0.2556931839076459,0.1402113807088552,-0.21963938759628862,0.09746369435999896,0.3444237821378826,-0.5266959216576419,1.2300929323534355
-1.205009239239969,2.6273434436269936,3.0935844686751706,-1.573702724667677,0.5151156079362372,-0.2102272286913344,-0.6086598790203318
1.121294619846973,0.6558363205821278,-0.061866823011933435,0.6641806157938037,0.29214431730678075,-1.0325889451020147,-0.23650518284978256
-0.7181084315240973,-1.4369943177270375,-0.3182472404615106,0.48689681848796124,0.8326674021736371,-0.11496869724873279,1.2480442051377012
-1.123859104620657,2.081387624937646,3.0146981863829927,0.7776687039354021,0.42508277151051566,-1.1666437093106559,-0.6412825510535388
1.554095337816637,-0.89103849903769,-0.337968811034555,-0.2990480248200534,-0.6831757525138645,-0.057243163321326763,0.7919738916671135
-0.3935078930468495,-0.7393841049573157,-0.6929570813493542,-0.9788003412778156,0.8728864745032392,1.7423041303411064,0.11300684000612866
-1.123859104620657,-1.1336855295662889,-0.239360958169333,-0.367770344483232,0.9633257983632846,-0.750697838699613,0.06282000462629812
1.472945203197325,0.07954962307670549,-0.6535139402032654,0.0637533208243519,0.47255660324888477,1.024869784117957,-0.5313158296142909
-1.069759014874449,2.081387624937646,2.8963687629447263,-2.663144624140724,0.5437464591232366,-1.0676126704728939,-0.6129283674754349
1.1753947095931812,-0.49673707442871684,-0.14075310530411103,-0.173781245332836,0.7002120884519163,-0.016505114072907688,1.3689434247320622
-0.5017080725392654,2.6576743224430683,3.073862898102126,-3.3172093762856787,0.5137045562454222,-1.2099646422996377,-0.656271783346199
-1.1509091494937609,2.4150272919144697,2.8963687629447263,-1.0212592020068252,0.42762004459785363,-0.0261094148776827,-0.5827671114896367
0.9860443954814533,-0.9213693778537648,-0.3971335227536882,0.1142202526689802,-0.41057752186828705,0.6479588631300592,1.6328105160270394
-0.28530771355443363,0.1402113807088552,0.5297802941793985,-1.3910027710810362,-2.5379355593296675,0.890676817581672,-0.2514351002303608
0.8237441262428294,-1.4369943177270375,0.13534888271851053,-0.14899845682450488,0.6468954606625563,-0.47153470311624984,-0.9372497247017919
-0.6099082520316814,-0.9213693778537648,-0.3971335227536882,0.8626220926976655,-0.9556794372476594,-1.0304911729827546,-0.13422879939647656
-0.8804087007627212,0.6255054417660529,-0.6535139402032654,-0.1461432066770596,-2.202140569562635,-0.9888589044326661,0.7774433422418736
-0.6369582969047853,0.5951745629499781,0.6086665764715761,-1.2783886482598816,-2.4906538411316466,1.1312985321477056,-0.3765037940019414
1.5811453826897408,-0.7393841049573157,-0.3971335227536882,-0.46968375928509304,-0.4889738689777483,0.31974909867356105,1.640579188997141
1.310644933958701,-0.7393841049573157,0.13534888271851053,0.7000194165788064,0.8974054057478603,0.2376861559645619,-1.3936639437944014
-0.014807264823393862,0.07954962307670549,0.5495018647524429,-0.9170335621003086,-2.3103308716721176,1.9188300430138021,-0.5427937756249627
-0.3394078033006416,0.26153489597315466,-0.4562982344728214,1.4009699791637693,-0.1635717634013023,1.2587725934768383,-0.7260770757914573
0.8778442159890374,-1.346001681278813,-0.061866823011933435,0.04147384691630954,0.7929883583444233,-0.5494762668472454,-1.02510020730467
0.6343938121311016,-0.16309740745189338,-0.6140707990571765,-0.7914749414639123,-0.49965127255507336,-0.05889550738402712,-0.6204046228053104
-1.205009239239969,-1.2246781660145134,-0.7718433636415317,1.7493790843288934,0.8570458412836093,1.6872185114369704,0.26817761200409795
-0.36645784817374555,-0.46640619561264196,-0.3182472404615106,1.2253769627638122,-1.1602895536828413,-1.3635808210177285,-0.21617648284073787
1.121294619846973,-0.40574443798049226,-0.3576903816075994,-0.4511317573204457,-0.7276684588249732,-0.5795060434990479,1.2338644734311126
1.5270452929435328,-0.0721047710036688,-0.5154629461919545,-0.15363288496415065,0.3041900980492612,-0.6351448644291138,-0.43312008448946265
1.391795068578013,-0.89103849903769,0.11562731214546615,0.4100098635486776,0.8739560206783445,0.2859886059783441,-1.459956237177726
1.7704956968014687,-0.7697149837733905,-0.2788040993154218,-0.4340729756078317,-0.4943842625090592,-0.06843065552132796,0.3384390081951479
1.7434456519283648,-1.2853399236466632,-0.04214525243888904,-0.2423240825610688,0.8048564047969008,0.18903111966695435,-1.1432568902128628
0.2556931839076459,-0.2844209227161928,-0.4957413756189102,-0.16761660424272676,-0.06205544807892922,-0.9705573529723713,-0.48450822366276813
-0.988608880255137,2.051056746121571,3.0541413275290816,-3.1399412833230858,0.5517893579798524,-0.40902643051332344,-0.5254819366459457
0.7425939916235175,0.1402113807088552,-0.6535139402032654,-0.1252856736373188,-0.16191319435453697,0.06730750043971484,-0.7344772154078653
-1.3132094187323848,2.6273434436269936,2.9358119040908153,-0.5811921266437212,0.9583246290591554,-1.2126403974275353,0.027954644479536144
-1.1509091494937609,-0.49673707442871684,-0.29852566988846624,0.4799566344295658,-0.7376976134337038,-0.44832584109459356,-0.10950720441129828
0.2556931839076459,0.04921874426063063,-0.08158839358497784,-0.5207096130134873,0.4878654438823346,1.7560812275084026,2.9033373405412126
0.7425939916235175,-0.5573988320608665,-0.08158839358497784,0.17729615839630497,0.5932681699243696,0.7677885436708738,1.4496279029305894
0.9860443954814533,-0.7697149837733905,-0.2590825287423774,0.1806090225817672,-0.6392228874418225,0.36420113944163096,0.8785689932404405
-0.9074587456358251,-1.1336855295662889,-0.6732355107763097,-1.8240565586126953,0.9296210111688821,0.19208461160009369,-0.010163347388666108
-0.7451584763972012,-0.5573988320608665,-0.5943492284841322,0.16691239512320516,-1.078114731845992,-1.3672475566480342,-1.2034736133244996
-0.9615588353820331,-0.5270679532447917,-0.4168550933267326,0.4229760568044572,-0.7822813359150782,-1.0721091698705607,-0.22607261342379195
-0.3935078930468495,-0.31475180153226767,-0.4760198050458658,0.2858768937009148,-1.2444231226732392,-3.8189353527135754,-1.1212567916444278
-0.5558081622854734,0.32219665360530436,-0.5549060873380434,1.6211893905598185,-0.4417229597470904,0.12512079916724905,-0.6420456630955077
-0.4746580276661615,0.1402113807088552,-0.4760198050458658,1.9354993990642368,-0.11973292434643426,-1.5539335730859207,0.09277613142000998
1.0401444852276613,-0.8607076202216151,0.03674102985328855,0.2769284317428628,0.8922284056785029,-0.12931784549141748,-1.4190125023670965
-0.6099082520316814,0.5041819265017535,-0.535184516764999,-0.05013061443605207,-0.48973707982213177,1.237396334441086,-1.1638455969485801
-0.4476079827930575,-1.315670802462738,-0.6732355107763097,1.6584021280924637,0.9240926779483724,0.3209238351972207,0.24058220477885991
-0.3394078033006416,-1.4369943177270375,-0.4562982344728214,-0.018721776069814032,1.1422543828376277,-0.41215566629394806,1.5885420283592018
-0.5287581174123694,-1.3763325600948877,-0.8112865047876205,1.7494603081136415,0.9948760970116765,0.8844319056447011,0.001133321148191928
-0.3123577584275376,0.1402113807088552,0.7269959999098424,-1.529881786707749,-2.509877666412088,-0.6173038161446525,-0.6325041264531053
-0.988608880255137,-1.0730237719341391,-0.3576903816075994,0.8210573878549896,-0.8643039505848289,-1.6546735572135887,-0.14040591294724164
-1.3402594636054888,-0.7090532261412408,-0.7521217930684874,-2.7110028784642477,0.8922188638629724,1.0494491712254892,0.0012899104171823514
1.4999952480704288,0.5041819265017535,0.13534888271851053,0.044119083227034304,0.31777286013748246,-0.9474121378776696,0.23153285515812833
-1.096809059747553,2.6576743224430683,3.0146981863829927,-0.6938521037646097,0.8757123069835352,-0.11631569546585682,0.01873400600786222
-1.069759014874449,2.3846964130983945,2.9358119040908153,-1.9040803705176077,0.439432983358494,-0.9554446514836167,-0.5266059891061259
0.5532436775117897,-0.04177389218759395,-0.10130996415802224,0.1638873071502895,0.11338234881745776,0.3302270327698476,1.388634669155079
-0.9074587456358251,0.07954962307670549,-0.6140707990571765,0.45331266705305184,-1.1655367377724106,-0.6692541823538847,-0.6123551543459904
-1.015658925128241,0.6558363205821278,-0.5549060873380434,0.9694643605180883,-1.6190796947450077,0.647893754786946,1.364180619046299
0.5261936326386857,0.44352016886960377,0.13534888271851053,3.392681086584968,1.0395569583917486,0.2766325360429993,-0.4468479954857642
1.7704956968014687,-0.46640619561264196,-0.2788040993154218,-0.4638983209662708,-0.9580425142983894,-0.586382127554841,1.4468472012515257
1.8516458314207807,0.5648436841339032,0.13534888271851053,0.06826954037006973,0.5335190489820024,-0.3292546561411111,0.15509936614501826
-0.7181084315240973,2.688005201259143,3.034419756956037,-0.6127499318216324,0.8982542286158013,-0.9856993716280827,-0.0300067733773702
-0.7992585661434092,0.5648436841339032,-0.6140707990571765,1.1590279527042808,-0.21833042656634108,1.4217197624263798,-0.7562349210544616
1.445895158324221,0.8074907146625021,0.11562731214546615,0.28520943544507543,0.44370699141465025,-0.7689982751058179,0.11991378888644545
0.9048942608621414,-0.46640619561264196,-0.10130996415802224,0.18335824711130347,0.10703442610290483,1.0110470289621538,1.009943970153675
0.2556931839076459,-0.2237591650840431,0.09590574157242175,-0.22846250072347069,0.9655064672068586,0.36773078136042675,1.4472518740116853
1.229494799339389,0.01888786544455577,-0.5154629461919545,0.011323294793456107,-0.45230548724135494,0.6231954547574604,-0.3672858897176488
-1.1779591943668648,-1.0123620143019894,-0.7126786519223985,-1.7967674161700875,1.0454757596916946,-0.0013931310601130978,0.11831556942017997
1.8786958762938846,-0.9213693778537648,0.13534888271851053,0.43398224846040256,0.9038679503110658,0.3292265073529213,-1.393735564630513
-0.8263086110165132,-0.7090532261412408,-0.4168550933267326,0.4271044210427391,-0.8886534797722774,-2.2239964660680704,-0.13763888908081356
-1.3132094187323848,0.07954962307670549,-0.4957413756189102,0.19896190379315634,-0.5214878228997215,1.382530120293448,-1.204832509700381
-0.7722085212703053,0.04921874426063063,-0.633792369630221,-0.36504361418090814,-0.15225786486327428,0.0514524806610776,-0.9728546031929771
-1.123859104620657,0.7164980782142775,-0.6140707990571765,-0.7861831848668457,-0.35155768700750295,-0.25189375103353423,-1.1838784077986968
-0.5287581174123694,0.5041819265017535,0.5692234353254872,-0.9381047222537756,-2.5583845785431043,0.020844484083834085,-0.23601069300217023
0.28274322878074987,0.44352016886960377,0.03674102985328855,1.8875176207638533,0.8989662122888473,0.4080223866427275,2.5253579464214666
-0.5017080725392654,-1.1943472871984386,-0.21963938759628862,-0.5747799011308183,0.7640497153995326,0.449239239602532,0.021323202387294234
1.8786958762938846,-1.0123620143019894,-0.061866823011933435,0.004182230678806373,0.7735805210397644,-0.4664024284607618,-0.891648574092215
0.7425939916235175,-0.2237591650840431,-0.12103153473106663,-0.502852985419713,0.314887684185931,0.7970911247929449,0.9387050228123937
0.4179934531462698,0.1402113807088552,-0.2590825287423774,-0.4102750969859171,0.35983193264698,1.0883516830673678,1.4792515104882051
-0.5017080725392654,2.566681685994844,2.9358119040908153,-3.1771927626011314,0.41665077140291495,-0.7308792857639226,-0.6163674718257479
1.554095337816637,-0.9517002566698397,-0.02242368186584464,0.5701761140827389,0.9092779693197328,-0.40589221046666574,-1.4181523499238995
-0.7992585661434092,-0.678722347325166,-0.3182472404615106,1.9213149535698024,-0.8961713883774239,-1.5732113917425143,-0.23901148599950406
-0.28530771355443363,-1.346001681278813,-0.14075310530411103,-0.24986991259289806,0.6258899805437513,-0.893138180494409,0.047451215339997285
0.33684331852695787,0.1402113807088552,0.03674102985328855,3.4303621833156357,1.0398888338371899,0.31467076894436696,-1.1203853266389068
0.9048942608621414,-0.8607076202216151,0.07618417099937735,-0.25100703571781685,0.4399623357235748,-0.45198800448809223,-1.0729186085496052
-0.6910583866509933,-0.9517002566698397,-0.4562982344728214,1.56146940460586,-1.1600878064882758,-0.6424353249889909,-0.14114418352803668
-0.9345087905089291,0.04921874426063063,-0.5746276579110878,-1.2033897429780436,-1.085885876893293,-0.08087814725516472,1.6091258526045278
-0.7181084315240973,-0.6180605896930162,-0.2590825287423774,0.7138339607290052,-0.7440355902425055,-1.4594734203720505,-0.0497085231884732
0.7966940813697254,-1.1336855295662889,-0.04214525243888904,-0.027711062930019983,0.4467491017616903,0.5972864673668336,-0.9956691394818158
-0.36645784817374555,-0.04177389218759395,-0.02242368186584464,3.438859733154484,1.006744811422601,0.08552121885754224,1.9604336749317133
-0.42055793791995355,2.4453581707305445,3.073862898102126,-3.0954712570312846,0.4981973825765774,-0.8179024113970021,-0.6784838122870063
2.0139461006594046,-0.4360753167965671,-0.535184516764999,-0.12091462222886609,0.4830272515112711,1.9034102342545332,-0.15355898524733042
0.14749300441523,0.3525275324213792,-0.061866823011933435,2.47665816455726,1.0099140229278107,0.3540124614496808,2.0733037291858
-0.4476079827930575,0.01888786544455577,-0.4760198050458658,1.0980603093004888,-1.33822002411244,-1.8674627761677152,-0.6279428295269407
1.0130944403545572,0.01888786544455577,-0.08158839358497784,0.017923118808378984,0.5578375380373936,-0.42097372649344594,2.3454605143792646
0.8237441262428294,-1.0730237719341391,0.03674102985328855,0.2293702332512311,0.7525394603738405,-0.05996213773975376,-0.8089287590988317
-0.7722085212703053,0.26153489597315466,-0.633792369630221,1.7752757936746437,-0.7663973400516304,-2.1212052317834305,1.4003892629627348
-0.5287581174123694,-0.7393841049573157,-0.436576663899777,0.5086946891176894,-1.0763298254701326,-1.8698821280840197,-0.10381506035851518
-0.28530771355443363,2.051056746121571,2.9752550452369038,0.10592137586838948,0.4304371331392072,-0.20700733360527593,-0.6775620763034835
-0.8263086110165132,-0.9213693778537648,-0.732400222495443,1.224315860462539,0.8373649720439151,-0.0883825127872497,0.11651913358221769
0.09339291466902205,0.26153489597315466,0.6283881470446205,-1.6085075937322115,-2.4657656740159215,1.304571786972991,-0.435129956484152
-0.42055793791995355,2.778997837707368,2.8963687629447263,-0.7111055823329246,1.037105389166654,-0.3146967133762031,0.13524454816124173
-1.123859104620657,2.597012564810919,2.9752550452369038,-0.4718260341424504,1.035336910715838,-0.7840611094700145,0.03347363545448308
1.6352454724359489,-0.10243564981974367,-0.6535139402032654,-0.09395198630479161,0.3974941715929998,1.8131773159769577,-0.34164526561435904
0.28274322878074987,0.20087313834100493,-0.6535139402032654,-0.15177488151953739,-0.12043278038493209,-0.27141519484537613,-0.22156654071363915
2.311496594263548,-0.5270679532447917,-0.5549060873380434,-0.5026635112482438,0.6017451539645994,0.5781994182414577,-0.5828092345494345
1.0942445749738692,-1.2550090448305882,-0.04214525243888904,-0.19722555730492777,0.6302655362035509,-0.17049612994056906,-0.998675324678088
0.8778442159890374,-1.1640164083823636,0.017019459280244155,0.6474123478638698,0.8943213134732557,-0.04937803401289115,-1.4530419260215595
1.0401444852276613,-0.40574443798049226,-0.10130996415802224,0.1184896806616402,0.06904612801225786,0.8339636716501001,1.5645041714731962
-0.5558081622854734,0.7771598358464272,-0.5154629461919545,-1.4510096910699861,-0.08716176477862948,-0.2860264297277755,-0.993386368952053
-0.06890735456960181,0.3525275324213792,0.5889450058985317,-1.61872217201537,-2.5576975378093185,1.7830189308404996,-0.5502968191516373
-0.36645784817374555,-0.9213693778537648,-0.7126786519223985,1.160154636377675,0.8545685903778195,-0.10442230192151432,0.17390311697478364
-1.015658925128241,0.32219665360530436,-0.5549060873380434,-1.2839713939670074,-0.3967200335332638,0.14706067813037035,-1.2129577495830894
0.2556931839076459,0.1402113807088552,0.05646260042633295,3.2400330103129886,0.9627954644442421,0.46925615757068617,1.1260892989859896
1.5811453826897408,-0.9820311354859146,0.13534888271851053,-0.14675890355640012,0.8200293465740073,0.3784498529855162,-0.8333460897459849
0.20159309416143795,0.7771598358464272,-0.6140707990571765,0.3161832802285273,-0.23875920050133023,0.727983453484422,-0.7452463124382306
-0.6640083417778894,2.4756890495466193,3.0541413275290816,1.6052995453772019,0.4360048217008483,-1.0188124775668777,-0.5241889030461501
-0.6369582969047853,0.2918657747892295,-0.5746276579110878,-0.9290494358911401,-2.2507848938723507,-1.1770585269676155,0.5371315620289164
0.8507941711159334,-0.5573988320608665,-0.2590825287423774,-0.02972036051538215,0.6961758301474084,1.0593256688370913,1.3212428868485986
-0.5017080725392654,0.7468289570303523,-0.5154629461919545,-0.33011422117693656,-0.4065621579849423,0.6832992381107867,-0.9064524532330276
-0.7181084315240973,0.5951745629499781,-0.5549060873380434,-1.1848064699943301,-1.7523477427628162,-2.4047854687327845,1.3191907083207473
-1.205009239239969,-0.49673707442871684,-0.6140707990571765,0.4816419540013734,0.39957918394867487,0.3661097579567901,-1.182644872041527
-0.36645784817374555,-1.2853399236466632,-0.239360958169333,-0.2754846679934168,0.6329961140461998,0.30102077764264656,0.06180457364492883
-0.2041575789351217,0.44352016886960377,-0.5549060873380434,0.7758233193479309,-0.23541511424921904,1.3147748950009586,-0.6164072207691647
-0.3394078033006416,2.3846964130983945,2.9358119040908153,-1.0302589105677409,0.4529706647474698,-0.7020662378517746,-0.6617924196103961
-1.042708970001345,-1.3763325600948877,-0.7521217930684874,-1.8729778027408188,0.8966165808698148,1.9564843020175329,0.07098119298443581
-0.4746580276661615,0.20087313834100493,-0.6535139402032654,0.6522769350429325,0.45874990708342034,0.04440081550137648,-0.8503253012866658
0.33684331852695787,-0.3754135591644174,-0.061866823011933435,-0.0683875347416294,0.6924323369997056,0.831238413785991,1.6848987542743978
-0.9615588353820331,0.7164980782142775,-0.5549060873380434,-0.10116376769403165,-0.2017910922356948,1.1889515154541208,-0.9855035064303262
0.8507941711159334,-0.40574443798049226,-0.061866823011933435,0.1121402417536543,0.46026907351595325,0.24628538486743126,1.3863261689286943
-0.6910583866509933,0.32219665360530436,-0.5549060873380434,1.4805501390328073,-1.745876193080404,-2.1484498531101153,0.027723115207382076
-1.1779591943668648,2.748666958891293,2.8963687629447263,-0.5287121498194564,0.9923016171604778,-0.7981472890729224,0.020653258626246177
-1.069759014874449,-0.3754135591644174,-0.5746276579110878,0.23954866298582805,-1.3268022398922088,-1.7312669754835879,-1.0741983003427193
-0.6910583866509933,-0.8000458625894654,-0.14075310530411103,-1.2708896981304292,1.0234791045009024,0.5757491242179394,0.0820834865100702
1.8516458314207807,-0.2844209227161928,-0.6535139402032654,-0.6900370571893266,0.5120119401336062,0.7926863662774281,-0.7753656795008516
1.8516458314207807,1.1107995028232507,-0.0027021112928002438,0.5961701294516157,0.365637672907951,-0.6308103028176391,0.26693178986444066
-0.3123577584275376,-0.8607076202216151,-0.239360958169333,-1.329797446236899,1.0558412392182286,-1.169843829569093,0.07426624738054294
0.2556931839076459,-0.16309740745189338,-0.18019624645019983,-0.2687200296336653,0.39734802353924276,0.7287017092675592,2.308443722766642
0.03929282492281409,0.44352016886960377,0.5889450058985317,-1.6093115557552902,-2.440223235553735,0.5410390213296965,-0.3158325165354567
1.0401444852276613,0.20087313834100493,-0.5746276579110878,-0.08927308842898053,-0.21236972263369616,-0.7245183734365829,-0.46030211916872354
1.8245957865476765,-1.0730237719341391,-0.3182472404615106,0.39545969998540764,-0.9103370143213925,-0.1603482814696429,0.3498193760503134
1.554095337816637,-0.6180605896930162,-0.337968811034555,-0.38493332545212444,-0.20920638925241564,1.18132435619982,0.7446012246659744
0.9048942608621414,-1.0730237719341391,-0.04214525243888904,0.2847081721530087,0.9852842849479729,0.39232015373871126,-1.4146675847709733
1.0671945301007653,0.10988050189278034,-0.4760198050458658,-1.3246124647365969,0.061379955031622274,-0.4088064094823062,-0.3829459728245861
-0.3123577584275376,2.2937037766501702,3.0541413275290816,1.724722263492952,0.5265346899939066,-0.7884702200442213,-0.5876185373434216
0.44504349801937376,-0.31475180153226767,-0.1999178170232442,-0.0844798062737157,-0.024557090117046106,1.0596199504103831,1.6711401355546571
0.4179934531462698,0.01888786544455577,-0.535184516764999,-0.08963547328922589,-0.5031230029335891,-0.7175898045830608,-0.5678283806927945
-0.23120762380822568,0.41318929005352895,0.5692234353254872,-1.3116493759011274,-2.4861162417094347,0.8215450515766202,-0.4488906639775766
1.0942445749738692,-0.46640619561264196,-0.239360958169333,0.17331525215042098,0.25726323154407005,1.0441868910487542,0.9833918767948233
-1.2861593738592807,0.47385104768567865,-0.4957413756189102,0.5975184774132997,-0.3692553020521532,1.059692122479523,-1.0955145935022266
1.4188451134511169,-0.40574443798049226,-0.3576903816075994,0.32828405616743467,-0.7272965193125375,-0.16486454153142766,0.6871621558385314
1.1483446647200772,0.8984833511107266,-0.04214525243888904,0.7372474454524058,0.5408843409539069,-0.9155397034392803,0.10391046945529092
1.6081954275628447,-0.9517002566698397,-0.02242368186584464,0.6680256375786588,0.913502499619532,-0.2996013583178248,-1.4215973113085278
-1.3402594636054888,-0.5573988320608665,-0.2788040993154218,1.015583520161961,-1.1081294155291015,-0.26132835631436424,-0.20432983317251863
-1.123859104620657,-1.1336855295662889,-0.18019624645019983,-1.4265563438815991,0.8820330355910249,-0.4830506122232501,0.030355254124783574
-0.0959573994427058,0.2918657747892295,-0.633792369630221,0.3541242429736457,-0.1938069472907668,0.23886582525060057,-0.5608994213416931
-1.015658925128241,0.5951745629499781,-0.5549060873380434,0.9584755843839562,-1.6101738132869672,-1.3967750632364924,1.0691198260723271
-0.6369582969047853,-1.315670802462738,-0.29852566988846624,0.4273553150063717,1.1671734789829982,-0.013456579366381189,0.9147660696498092
-1.015658925128241,0.10988050189278034,-0.4562982344728214,0.5238185116857891,0.6619581122410583,0.4979482066629289,-0.9595714651051827
1.0401444852276613,1.1411303816393255,0.13534888271851053,-0.11066276920655026,0.39562213404731,-0.25852903233426994,-0.1660351240663957
-0.7451584763972012,-0.89103849903769,-0.3182472404615106,0.4885918950910726,-1.131715479859799,-1.0889641459507569,-0.18462021734804554
1.1483446647200772,0.9591451087428764,0.017019459280244155,0.4582541527349447,0.35192152789540354,-1.0070425048017295,0.28897413507483116
1.4999952480704288,-0.2237591650840431,-0.5549060873380434,-0.4351589487732123,0.32269582140816133,-0.35497003743682454,-0.4044942884992361
1.337694978831805,-0.04177389218759395,-0.5746276579110878,-0.43092366743164645,0.49355549024598583,1.837613479150666,-0.18101840234079256
-1.2861593738592807,2.6576743224430683,2.9358119040908153,-0.7224852156345384,0.882387871156085,-0.42948111794481686,0.21664074016628165
-0.3123577584275376,-0.7697149837733905,-0.7521217930684874,1.1251345682661318,0.8983043259472977,0.9084605371498274,0.10221537822406475
-0.6910583866509933,0.20087313834100493,-0.5154629461919545,-0.7915017806961699,-2.2512375327106064,-0.7585126824163086,0.5583658518226229
1.7975457416745726,-0.7090532261412408,0.03674102985328855,-0.14660523277875684,0.7067983997569813,0.3458586297011789,-1.029799154488957
1.4188451134511169,-0.6180605896930162,-0.4562982344728214,0.2874741100610107,-0.7024996618028814,0.5597272042761304,0.6513025709019898
-0.8263086110165132,0.47385104768567865,-0.6535139402032654,-0.4342932158862964,-2.179855928858678,-0.6981589621350426,0.07070902635247649
0.47209354289247774,-0.04177389218759395,0.017019459280244155,-0.24041367871061756,0.9339204679490651,0.1298341057679768,-0.7265268343262705
1.1753947095931812,-0.10243564981974367,-0.5746276579110878,-0.46171887590233346,0.09832253931030811,-0.7765654029896136,-0.10702693855654086
-0.0959573994427058,-0.2237591650840431,0.07618417099937735,-0.4832254951044032,0.8947445670677857,0.03339003619806092,1.8617672527754021
-0.9345087905089291,0.7164980782142775,-0.5154629461919545,1.151857700332856,-1.6034224687582452,0.12599386849375782,-0.05354095607208621
1.202444754466285,-0.9820311354859146,-0.02242368186584464,0.45098640499836795,0.9914483882755533,-0.057151578237727846,-1.498991482055024
1.7163956070552606,-0.40574443798049226,-0.4957413756189102,-0.021260438459677487,0.4348196094040263,0.3574620795674149,-0.14619240121131358
-0.6099082520316814,0.38285841123745407,-0.4957413756189102,-0.8095681105012463,-2.11349450805494,-0.6182963520573859,0.3109538116465086
-0.5287581174123694,2.324034655466245,2.9555334746638597,-0.7580105508330844,0.954392700398501,-1.186558861210579,0.29950687046308666
-1.3132094187323848,-0.19342828626796824,-0.6535139402032654,0.8331137847841206,0.6523022285817217,-0.09644264780237313,-0.8158940365861933
-0.0959573994427058,0.8074907146625021,0.5692234353254872,-1.66898526533458,-2.464046973477171,1.3967155976520131,-0.5546845640268216
-0.42055793791995355,0.38285841123745407,-0.02242368186584464,1.1946853914402629,0.906361311962436,0.6142864622831674,-0.9891593970451932
-0.28530771355443363,-1.1336855295662889,-0.2590825287423774,1.2324996804250183,-1.0037857333483782,0.010036640762197763,-0.2517265894664146
-0.4476079827930575,0.20087313834100493,-0.5154629461919545,-1.5745119054303616,-2.38680798645488,-1.0830259331178496,-0.05129078191958393
1.7975457416745726,-0.6483914685090911,-0.2788040993154218,0.12383416506846534,-0.8647781276110406,0.3636611764297385,0.42827523912132
1.8245957865476765,-0.2844209227161928,-0.4957413756189102,-0.7021380264148867,0.51063599635667,0.27726112525361674,-0.6593688866510486
0.9048942608621414,-0.9820311354859146,0.13534888271851053,0.5574448035554751,1.0466822991714901,0.023039798971769627,-1.491327530940515
-0.7722085212703053,0.7771598358464272,-0.6140707990571765,-0.8323248071809259,-2.2862975054508343,-0.7262883119277158,0.2354906832200314
-0.7451584763972012,-1.4673251965431122,-0.08158839358497784,-0.8751747301979461,1.022872127390028,0.8841211944060591,0.0734657552642726
-0.988608880255137,-0.7393841049573157,-0.3182472404615106,1.9706792087321483,-1.0062059681096254,0.600227180463109,-0.10831690341052287
-0.4476079827930575,2.4150272919144697,3.034419756956037,-2.037482131558341,0.3882474032984009,-0.8646924656495695,-0.5190163090588564
-0.5828582071585774,-0.3754135591644174,-0.535184516764999,1.1536895666885598,-0.38444950336520084,3.081771824514679,-0.7045410032545867
1.8516458314207807,-0.7090532261412408,0.017019459280244155,-0.056528100855578925,0.40443558591529993,0.5493674723513834,-1.0093762704007014
-0.6910583866509933,-1.1033546507502139,-0.16047467587715541,-1.327769488600362,0.7310642464292758,0.16953273146543907,0.14066642491135825
0.7966940813697254,0.5345128053178283,-0.02242368186584464,0.36699234522581486,0.4196394728498218,-0.41200837228393455,0.02844093574568842
-0.36645784817374555,-0.10243564981974367,-0.4957413756189102,0.7905844651534947,0.7640584647143979,0.06967593970730415,-0.8592257740335463
-0.15005748918891376,0.1402113807088552,0.017019459280244155,0.8802783195071898,0.8473668913301717,0.45253072605404115,-0.511348546800888
-0.5828582071585774,0.41318929005352895,-0.535184516764999,0.81796847781295,-0.36031502902198875,0.18665736135958869,-0.7325211767418603
1.0671945301007653,0.17054225952493005,-0.2590825287423774,-0.2747867098928069,0.8258218481763205,0.8007152205488188,1.2967686347663459
0.9589943506083494,1.262453896903625,0.017019459280244155,0.4753837424485365,0.296360098291714,-0.02271623317546336,0.08847723288809842
-0.6910583866509933,-0.40574443798049226,-0.535184516764999,0.41196389101311254,0.43492458371065995,-0.29287086865149065,-1.0735190893673823
0.4991435877655817,0.41318929005352895,0.07618417099937735,0.4092418705936983,1.0307444611981043,0.4518783794958222,-0.37409832900733275
0.9048942608621414,-0.8000458625894654,-0.37741195218064383,-0.4578968828414525,-0.8255218320395841,0.88938475959894,1.171742891132223
1.9327959660400924,-0.16309740745189338,-0.633792369630221,-0.19531776282427954,0.188350721530595,-0.21730865523700074,-0.7540873988016494
1.8516458314207807,-1.346001681278813,0.03674102985328855,0.21714199068222428,0.5594918825045797,-0.2897990079404602,-1.1347040927961578
-1.205009239239969,0.26153489597315466,-0.5154629461919545,-1.00864648467448,-2.3895312073467503,-0.8398524571812532,0.3066044615582747
-1.3132094187323848,2.111718503753721,3.0935844686751706,-0.646576030809422,0.8670903074173502,-0.948575132856006,0.3886107766844181
-1.042708970001345,-1.0426928931180643,-0.337968811034555,0.31738022359994744,-0.8407744947245037,-1.17126121911655,-0.2104828994086534
-1.2591093289861768,-0.31475180153226767,-0.5943492284841322,0.6676274315737732,-0.4630855431745222,3.0442508286382584,-0.5523324762106501
1.8516458314207807,-1.4673251965431122,0.13534888271851053,0.7975858264095816,1.0245775870301534,-0.39606221679107145,-1.3872071668972579
-0.28530771355443363,-1.1336855295662889,-0.2590825287423774,1.6803776212661885,-0.7735026452139262,-1.9592218069169276,-0.0935885367676706
2.0139461006594046,0.20087313834100493,-0.6140707990571765,-0.29598381799553547,0.5862067560383304,0.3983378251200873,-0.4187750175883145
0.9589943506083494,-1.0730237719341391,-0.061866823011933435,0.6550662073833892,0.8640710416075826,0.11640057144447442,-1.4700934680458213
-0.25825766868132966,0.47385104768567865,0.6678312881907092,-1.1085858885388582,-2.4549067299950296,0.3080303810564222,-0.6247465644779432
-0.5017080725392654,-0.3754135591644174,-0.633792369630221,0.5900437019215452,-0.44961714041070777,1.578496749952061,-0.6325140859446041
-1.2591093289861768,-0.9213693778537648,-0.8507296459337094,-0.5855029258691745,0.9825724157657478,1.2896230344880826,0.1235352581611819
1.202444754466285,0.6558363205821278,0.03674102985328855,0.48067338078168204,0.17174034706398125,-1.0979827111595073,0.2672546830818284
0.44504349801937376,-0.5573988320608665,-0.5154629461919545,-0.46134134565228024,-0.3666501982549452,-0.11674988413771056,0.09507399055315727
0.7696440364966215,-0.0721047710036688,-0.633792369630221,-0.06046688836212724,-0.13136935990346382,0.14148990523485144,-0.12741909121819064
1.8245957865476765,1.050137745191101,0.05646260042633295,-0.03851800760469024,0.3611485172728847,-0.3533738542450958,-0.05145831445194777
-0.2041575789351217,0.23120401715707978,-0.5549060873380434,0.24206484101004302,-0.4397989320969754,0.4221967701144064,-0.7235371092601087
-0.8533586558896171,-1.1640164083823636,-0.2788040993154218,0.12857376086996294,1.2645666570514262,-1.017800048368121,2.0340147990896416
0.22864313903454195,0.26153489597315466,0.017019459280244155,3.4941413625265016,0.9820540508915214,0.5989095895443353,0.20395965834259697
0.17454304928833397,0.10988050189278034,0.5297802941793985,-1.6870203872345988,-2.3824000363783933,1.6850473015462952,-0.2936914378663747
-0.7992585661434092,-1.1033546507502139,-0.6535139402032654,-0.3277311880713033,0.9012090438273562,1.261367944964233,0.2711264469369934
0.09339291466902205,0.41318929005352895,0.07618417099937735,1.978647377987993,0.9800158180267952,0.14131318847539262,0.6845376616446339
-0.9615588353820331,2.1723802613858707,2.9752550452369038,-1.423528991693617,0.4088167853983799,-1.1680088393888666,-0.6106462991745933
0.06634286979591807,0.5951745629499781,0.5692234353254872,-1.1697704942372817,-2.3893333326088,1.0932860394845834,-0.5403072020138484
-0.988608880255137,0.6861671993982026,-0.5549060873380434,0.6735163985625292,-0.4177195230817476,0.7289278231807411,-1.2123847682380429
-1.123859104620657,-0.16309740745189338,-0.5154629461919545,0.41935455525421383,0.7019630418413795,-0.09454922544007127,-0.977036035889039
0.6343938121311016,-0.31475180153226767,-0.4957413756189102,0.06076241105953529,-0.4273828187950757,-0.19458356316648162,-0.07103794464522431
1.445895158324221,-0.9213693778537648,-0.02242368186584464,0.2638111869408062,0.6840830651809066,0.3786507944882274,-1.096369793250234
1.9057459211669885,-0.011443013371519088,-0.5746276579110878,-0.42039238502445253,0.23723325075344986,1.932072241265902,-0.4232758792206705
-0.7722085212703053,0.17054225952493005,-0.4957413756189102,0.3308851521182284,-0.9027996305387843,-2.7098798116703287,-1.2123367322334073
-1.1509091494937609,-0.9213693778537648,-0.08158839358497784,-1.4142333987423308,0.8179665542525364,0.8427035802063294,0.08992716100300414
-1.2320592841130729,-0.9213693778537648,-0.6535139402032654,0.004823348697519631,0.9235815584745201,1.2007846098089616,0.16350774234032855
-0.7181084315240973,-0.9820311354859146,-0.12103153473106663,-0.9511376625185266,0.7077135471803326,0.6729687177705068,0.10742665686451144
-0.6910583866509933,0.5041819265017535,-0.633792369630221,-1.1853229713749058,-2.3530279766563287,-0.9233578807299253,0.051639624547399975
1.364745023704909,-0.678722347325166,-0.436576663899777,0.20993687571016786,-0.077006173386227,0.4955654210527596,1.001595049099103
-1.3402594636054888,-1.1033546507502139,-0.8310080753606649,-2.930394896761436,0.8938979976076166,0.44224873116815616,0.25374126004764397
0.9319443057352453,-0.9820311354859146,-0.02242368186584464,0.8340427677694556,0.8591877013382351,-0.37286969172819007,-1.4259653476341685
-0.5287581174123694,-0.8607076202216151,-0.1999178170232442,-0.13447688587955078,0.9396334421767977,0.027051486756913025,0.10695486976489345
-1.069759014874449,-0.2844209227161928,-0.6140707990571765,0.13724870840915226,-0.7095837526765887,1.982701985566373,-1.237644326125473
0.5532436775117897,-0.2237591650840431,-0.16047467587715541,-1.0580199682883056,0.47903007840775774,0.9790176616050671,1.6003747593833775
-0.988608880255137,-1.0730237719341391,-0.2590825287423774,1.0743161466170341,-1.093559967712686,-2.1698624595614784,-0.21783778584159763
1.7434456519283648,-1.1033546507502139,0.13534888271851053,0.38138879067593445,1.0164091411051406,0.386503694254226,-1.3647111691379827
1.8245957865476765,1.050137745191101,0.07618417099937735,0.592775402452065,0.5042961697823237,-0.8152952874620922,-0.086037315741123
2.176246369898028,-0.5573988320608665,-0.5943492284841322,-0.22749239304443863,0.4844335974773888,0.7485232725917753,-0.7142861191553114
1.0671945301007653,-1.1640164083823636,0.07618417099937735,0.27705449014163985,0.8938108149185232,-0.03643333116203935,-1.4447782468005106
-1.2591093289861768,-0.5270679532447917,-0.5154629461919545,0.3874249967303716,0.658658574023811,0.6906422195209497,-1.0803115496019216
-0.23120762380822568,0.7771598358464272,0.7269959999098424,-1.6608260992818031,-2.4912950933363107,-0.4465668368290216,-0.4872728294443465
0.03929282492281409,0.1402113807088552,-0.633792369630221,0.985446774228541,-0.46079130123529666,0.8898267227472353,-0.5814763468799652
0.9048942608621414,-0.2844209227161928,-0.535184516764999,-0.7446036304812775,-0.4265035202670048,-0.8059259102703674,0.06807577284343519
1.4188451134511169,-0.0721047710036688,-0.5549060873380434,-0.5606149894221196,0.5696655602943062,0.734249122681198,-0.21471994516121953
0.6614438570042056,-0.5270679532447917,-0.08158839358497784,-0.4662045817970916,0.12746856924110261,0.17637946101412716,0.9090233479253829
-1.123859104620657,0.47385104768567865,-0.5549060873380434,-1.250147081894593,-2.1264968088770515,-1.1392560494632964,0.4675327453327223
-0.6099082520316814,2.111718503753721,3.034419756956037,-0.5676563491813083,0.927061440992442,-0.043865673985577225,0.3063342472710872
1.7975457416745726,-0.89103849903769,0.09590574157242175,0.6957634890670995,0.9310784673800093,-0.2354631251398505,-1.4873818817826197
-0.5017080725392654,0.5951745629499781,0.6481097176176649,-1.0243738665090962,-2.5100020361533235,-0.6275263140104347,-0.19581566540314552
0.03929282492281409,-0.0721047710036688,0.09590574157242175,2.5122844940038234,0.9709379675082956,0.6559592551951351,1.9318564988401519
-0.6099082520316814,0.6558363205821278,-0.535184516764999,-0.1716623699942546,-0.9356141249943576,-0.6036860880188473,0.19498624932434205
-0.6099082520316814,0.6255054417660529,0.6481097176176649,-1.5052361784699393,-2.3797900059956465,2.932409458693084,-0.38938638132830156
1.7163956070552606,0.7771598358464272,0.05646260042633295,0.11154154029350535,0.48891964806886407,-0.2100835296363099,0.15495982687119414
-0.6640083417778894,-1.0730237719341391,-0.4168550933267326,0.3578804732096301,0.9621384316652756,-0.8244214682664789,0.6991012398942151
1.202444754466285,-1.2246781660145134,-0.04214525243888904,0.8276124305083287,1.000476110550998,-0.45109136193954225,-1.4515706737420528
0.20159309416143795,0.41318929005352895,-0.061866823011933435,2.5796415846802674,0.9091758935316443,0.2910822232793793,-0.7397213001352655
-1.1779591943668648,0.07954962307670549,-0.4957413756189102,0.13698347770394967,-1.4076594476138773,-1.1989253067958405,-0.8685412870522391
-1.069759014874449,0.5648436841339032,-0.5154629461919545,0.7362249472291005,-1.1920127344026339,0.4717568144414237,1.2466023994284308
1.4999952480704288,-1.315670802462738,0.017019459280244155,0.4106307338044306,0.9217970736606311,-0.16189344771775707,-1.5071339881564396
-0.15005748918891376,0.23120401715707978,0.5889450058985317,-1.2145625615342595,-2.480466727118088,0.01677986213158739,-0.39766007124692626
1.0401444852276613,-1.2853399236466632,-0.02242368186584464,0.8170472065705695,1.0403612672723384,-0.19125153046404011,-1.3686301133315713
0.9860443954814533,0.20087313834100493,-0.4957413756189102,-1.0594051156617676,-0.33679866219046134,-0.0480082389912983,-0.7418971391676973
2.4196967737559643,-0.40574443798049226,-0.6140707990571765,-0.5753007534333783,0.2529025595754011,-0.6055175283097816,-0.46961390463833
1.310644933958701,-1.4369943177270375,-0.04214525243888904,0.585815487376656,1.0210569998143992,-0.10297987258549425,-1.3483684713895823
-0.7992585661434092,0.2918657747892295,-0.6140707990571765,-0.10944253084893081,-0.14583636099309533,0.10728794768918448,-1.1227518853286158
1.6352454724359489,-1.4673251965431122,0.07618417099937735,0.8362112724144236,1.012750497495901,-0.43824578430710803,-1.4928608581939342
-0.5017080725392654,-1.2853399236466632,-0.337968811034555,-0.11357287331692689,0.9803601024467606,-0.3481977422552399,0.5669951089592419
0.5261936326386857,0.01888786544455577,-0.04214525243888904,2.778384156824854,0.882164453615454,0.5703837775057303,0.34843668712360487
-0.6369582969047853,0.23120401715707978,-0.6535139402032654,-0.07479534424622677,-0.19401293116073864,0.6202295692507143,-0.9981827770425961
-0.42055793791995355,0.5345128053178283,-0.6140707990571765,0.8378997279635455,-0.22744644658693172,0.5865849675006033,1.7123175131999318
1.8786958762938846,-0.16309740745189338,-0.633792369630221,-0.6279865391235251,0.1782628757292799,1.2626307424340268,-0.5727028183404379
-0.6099082520316814,-1.4066634389109625,-0.7718433636415317,1.7646733896687399,0.9274159235385512,0.32756353551139633,0.21819888680617003
-1.205009239239969,0.7164980782142775,-0.5549060873380434,0.028185728824576265,-0.4994735978482178,-0.5382790262932976,-0.9836359106109452
1.0130944403545572,-1.4673251965431122,-0.02242368186584464,0.043430183959005185,0.6829181586416669,0.2393469298876893,-1.127986814119951
0.9589943506083494,-0.5270679532447917,-0.4760198050458658,0.17855510339215738,0.06545720206189955,-0.8872649047549666,-0.5458874846725766
-0.4746580276661615,-0.49673707442871684,-0.5746276579110878,0.45012715904817285,0.6775260714725346,0.9101115498430938,-1.0860616779325467
1.310644933958701,-0.46640619561264196,-0.535184516764999,-0.5446041684907512,0.00745779267075687,-0.15951381541875123,-0.6473693810530121
1.337694978831805,-0.3754135591644174,-0.5154629461919545,-0.6358895135805529,0.588089859473753,1.0847246940937785,-0.18166218432001804
0.9048942608621414,-0.10243564981974367,-0.08158839358497784,-0.03128794682064092,0.44689968092007293,-0.6966035157577626,1.4321250126309057
1.337694978831805,-0.40574443798049226,-0.2590825287423774,0.37865687319100966,-0.7624767039654672,0.6173099713646331,1.344570879136948
1.8786958762938846,-1.1336855295662889,0.05646260042633295,0.4643736751979855,0.9054477804519726,0.09101287699147818,-1.4514964140740458
-0.5287581174123694,-1.2246781660145134,-0.29852566988846624,0.3932384675306811,1.077732827815707,-0.7939784932566591,1.8463220216822671
-0.36645784817374555,-1.4673251965431122,-0.2788040993154218,0.02965364824831633,1.003987361132287,-0.8978691567109359,0.8851235248907272
-0.28530771355443363,-0.13276652863581853,-0.02242368186584464,3.409957264501025,0.8845598233883257,0.03240080424467628,2.584829737276918
0.9319443057352453,-0.49673707442871684,-0.18019624645019983,-0.22025177052547276,0.5065061342709046,-0.14449650642115297,2.1924499874443604
1.0401444852276613,-0.011443013371519088,-0.08158839358497784,-0.1494278549559459,0.021788694202915366,1.0859264198192737,0.8457870581848886
-0.5828582071585774,-0.8607076202216151,-0.2590825287423774,0.5350788930400169,0.9055894575296746,-1.201945265988015,1.0354274361119817
-0.3935078930468495,0.07954962307670549,0.6875528587637537,-1.3306708198635102,-2.3147346907996864,1.2570929202881933,-0.6226284902428891
0.9589943506083494,0.17054225952493005,-0.2590825287423774,0.028135038413915178,0.4784789669938799,0.6055272462949687,2.5332747098993047
-0.7451584763972012,-0.49673707442871684,-0.4760198050458658,0.6180791971033519,-1.2187886546792805,1.9514027790618453,-1.2583956787415382
-1.3673095084785927,0.04921874426063063,-0.5154629461919545,-0.5242183318022499,-2.2781077820701365,-0.7205077994179381,0.7301414138124248
1.337694978831805,-1.0730237719341391,0.07618417099937735,0.11001349688709647,0.4010398948332527,0.5146631636241175,-0.8508973339622372
-0.7722085212703053,-0.31475180153226767,-0.4760198050458658,-0.04326964832031219,-0.8157930571347544,-2.5143075583596968,-1.037006506081523
-1.096809059747553,2.506019928362694,3.073862898102126,-0.8768969320186684,0.9284755883189827,-0.25772261774805855,0.0425133047744463
-0.5017080725392654,0.7771598358464272,-0.6535139402032654,-0.3422859372617782,-2.2706358237197986,-0.9916496414661898,-0.3963268037839743
-0.6640083417778894,-1.1640164083823636,-0.8310080753606649,-1.6615178229017276,1.0463885022854404,0.560972775061541,0.08141543357412563
2.3926467288828603,-0.5573988320608665,-0.6535139402032654,-0.07807926474169871,0.5390375926465251,-0.7443105281748594,-0.3067059445318627
0.30979327365385384,0.17054225952493005,-0.14075310530411103,-0.28000527790737473,0.15518053494621212,0.8997860137688458,1.610137422322002
0.9319443057352453,0.1402113807088552,-0.14075310530411103,-0.7640925086269903,0.39821660292462124,0.7232903388909062,2.228272787237982
-1.2320592841130729,0.04921874426063063,-0.5943492284841322,1.5510677642897568,-1.152283964628612,1.088968350469876,0.41920143000417964
1.283594889085597,-0.8607076202216151,0.07618417099937735,-0.07187472376412767,0.5251910909063693,-0.32484760828821274,-0.9809001975416476
-1.2320592841130729,-0.89103849903769,-0.16047467587715541,-0.18782288946533574,1.0052773452426387,-0.22977031820099836,0.021128168753737967
2.2573965045173403,0.07954962307670549,-0.5943492284841322,-0.36215796083201796,0.5594666089460479,0.27671728272905216,-0.5886396286771075
1.7163956070552606,-1.3763325600948877,0.07618417099937735,0.7290171735794219,1.0357880841670517,-0.07374577844618142,-1.3620595082203846
1.5811453826897408,-1.315670802462738,0.09590574157242175,0.23171345522347714,0.7345619635721234,0.09707537586495213,-1.0393914392486718
1.5270452929435328,-0.678722347325166,-0.337968811034555,-0.48781412614138614,-0.8266530929160315,0.3731789433716965,0.8977222680664179
0.44504349801937376,0.20087313834100493,-0.1999178170232442,-0.16686268176709243,0.3180582970150989,0.8830115095714919,1.063546335908755
0.7966940813697254,-1.0730237719341391,0.05646260042633295,0.4751797224703426,0.9133171140469589,0.2957544763181917,-1.4970998877748674
-1.205009239239969,0.32219665360530436,-0.4957413756189102,-0.4553879826513819,-0.18036878140649773,0.7582712492749324,-1.2180726124278827
-0.3394078033006416,-1.1943472871984386,-0.3576903816075994,0.2524441152992642,0.8856970725951272,-1.166058052257702,1.6537275072743818
-0.7992585661434092,2.536350807178769,2.916090333517771,-0.40089929401864954,0.9081808988662861,-0.8544140567055335,0.3634043663623093
-1.3673095084785927,-0.8000458625894654,-0.1999178170232442,-0.6308921739731504,0.8274762768663022,0.33690975279789626,0.10647864601154045
1.310644933958701,0.10988050189278034,-0.2590825287423774,0.2195156553021712,0.43664083551643307,-0.6643806993919026,3.0541629041721547
-0.5558081622854734,2.536350807178769,2.9949766158099482,-0.538491732547515,0.8634629472006882,-1.1239952942856446,0.2731944993487031
0.9589943506083494,-0.49673707442871684,-0.633792369630221,-1.0112812657551786,-0.5473764313869045,-1.1779485126689968,-0.6494978821481049
-0.6640083417778894,0.41318929005352895,-0.633792369630221,0.682928137068579,-0.15791683391140113,0.9011219837662421,-0.6454570901088723
-0.5828582071585774,0.5041819265017535,-0.6535139402032654,0.9251016814909875,-0.35317865505604623,0.5101915276150032,-0.5308580371536007
1.5270452929435328,-1.315670802462738,0.017019459280244155,0.03697562472467447,0.7873067960834302,0.3590251690868214,-1.0541386372429722
-1.015658925128241,-1.1033546507502139,-0.061866823011933435,-0.8658886240711136,0.9506350506532694,0.8796356240835875,0.05016765791597862
-1.1509091494937609,-0.9213693778537648,-0.1999178170232442,-1.251135173121518,0.7054449246506924,0.6812046090019587,0.035659724206496886
-0.28530771355443363,0.3525275324213792,0.017019459280244155,1.9100287822537145,0.8794397162652727,0.2602119250346686,1.0928983395584377
1.310644933958701,0.10988050189278034,-0.1999178170232442,-0.16534013322407787,0.4776536019664399,-0.1545904498811151,0.9563731838919245
-1.1779591943668648,0.2918657747892295,-0.4760198050458658,-1.2005562395512683,-0.3126130829781632,0.4407731334795153,-0.9130091167207656
1.6893455621821567,-1.0123620143019894,-0.0027021112928002438,0.3592135396919245,1.050367431297885,-0.0460605189026779,-1.3792503211841518
1.6893455621821567,-0.46640619561264196,-0.4562982344728214,-0.7186524498012745,0.3602744916293996,1.1741655853306474,-0.23673520832792397
-0.6099082520316814,0.1402113807088552,-0.4760198050458658,-1.1671220825029873,-2.3810421915426017,-0.9375813098428941,0.728415164678539
1.337694978831805,0.6255054417660529,0.07618417099937735,-0.041369372295966586,0.4528778194193649,-0.822898418974613,-0.12716212392501935
1.1483446647200772,-0.19342828626796824,-0.21963938759628862,-0.8108359782400979,0.47976921900439984,0.030884060287544736,3.4816336592482826
0.4179934531462698,0.47385104768567865,-0.02242368186584464,-0.38508090572791476,0.9936409280533463,0.5613156426060183,-0.2889961994133934
-1.1509091494937609,-1.1336855295662889,-0.8310080753606649,-2.646132489597579,0.8437431038624112,0.8115598902700384,0.08884730445356759
-1.096809059747553,0.17054225952493005,-0.5154629461919545,0.5846833975939423,0.6972663742301966,0.8746964713886735,-1.2043323312737806
0.44504349801937376,0.04921874426063063,-0.08158839358497784,0.1261217717650485,0.16645867149971605,0.9985141892371133,1.425133647909085
1.0942445749738692,-0.011443013371519088,-0.16047467587715541,0.17409199428487615,0.4474015676939732,-1.4037185668618333,2.9151097099142413
-0.6099082520316814,2.081387624937646,2.9358119040908153,-1.1342605549122664,0.5063631660756687,-0.7980258885245237,-0.6123611581228089
-0.3123577584275376,-1.4066634389109625,-0.37741195218064383,0.3743797610677734,1.0375579863415052,-0.1465448800990984,0.8449067171577941
-1.015658925128241,0.5648436841339032,-0.535184516764999,-0.26101375590211884,-2.2580170022770774,-0.8435819628888196,-0.7822105009345975
-1.015658925128241,-0.19342828626796824,-0.5549060873380434,0.7047556101407653,0.7394801174235589,0.08774270017645282,-1.0922852301478503
1.0130944403545572,-0.2237591650840431,-0.12103153473106663,-0.5840738215608701,0.5390630391305834,0.16563081856658884,1.6422008619322968
0.7425939916235175,-0.40574443798049226,-0.1999178170232442,0.1616758869516249,0.556662201759323,1.3822503782014377,2.6185628224979327
0.20159309416143795,0.2918657747892295,0.6481097176176649,-1.150077349574278,-2.5416065478503476,0.05039921550333985,-0.4440401077223989
-0.7181084315240973,0.23120401715707978,-0.6140707990571765,-0.5931559649065791,-0.2681378246735089,-0.31299833406073835,-1.1797617173160544
-1.069759014874449,-0.25409004390011797,-0.5746276579110878,0.6026531235192412,-1.2127681807854789,-3.4099613874173955,-1.0745972709533758
1.7704956968014687,0.07954962307670549,-0.6140707990571765,-0.18382551638008376,0.2821713585663241,1.9349060585300928,-0.3303284928117369
-0.8263086110165132,2.688005201259143,2.916090333517771,-2.908332373314148,0.38463120932203654,-0.3460485656273755,-0.629882759267766
1.337694978831805,-1.4369943177270375,0.09590574157242175,0.6721493372972251,1.0076014222111567,-0.47698522141965227,-1.4446202561496613
0.6884939018773095,-0.2844209227161928,-0.061866823011933435,-0.030883910659188676,0.5847035543054665,0.34068421604428617,1.181160103038566
-0.9345087905089291,0.5345128053178283,-0.4760198050458658,-1.442412971372438,-1.479319582970184,-1.9699985471824333,0.653962656033479
-0.9074587456358251,0.17054225952493005,-0.6140707990571765,-1.4255591918497805,-2.15047918760357,-1.0126895121170292,0.5333076351441655
-0.3123577584275376,-0.49673707442871684,-0.6535139402032654,0.6612689042485146,0.5536466838639514,0.4447208447143253,-0.7900005773211087
1.4999952480704288,-0.40574443798049226,-0.3576903816075994,-0.4375456069897283,-0.3281211790658156,0.39094759554612657,0.347023100848126
-1.096809059747553,-1.4673251965431122,-0.12103153473106663,-1.0657405195920389,0.8805903053772833,0.5287476963977173,0.104002906375918
1.0942445749738692,-0.5270679532447917,-0.061866823011933435,-0.2368946683937887,0.49384898294438606,-0.6768992854809385,2.9759295939299166
-0.6910583866509933,0.10988050189278034,-0.5746276579110878,-1.674538150226275,-2.3098570651366077,-1.1714948937660121,-0.2806230562559563
-0.6369582969047853,0.32219665360530436,-0.6535139402032654,-1.0815671067869843,-2.087142919245408,-1.23792898211321,0.6284117373775381
1.6893455621821567,-0.7090532261412408,0.03674102985328855,0.07792933270935484,0.5624779434772506,-0.2560674860501325,-1.0789235131685044
2.0409961455325085,-0.10243564981974367,-0.5746276579110878,-0.1873667250772087,0.4616634051899018,0.19618453801897448,-0.4509195117139945
-0.8804087007627212,-0.8000458625894654,-0.14075310530411103,-0.6468124282741499,0.9353241774728897,0.9000096310424435,0.023807674197030358
1.0401444852276613,0.1402113807088552,-0.2590825287423774,-0.3270170510889901,0.47755132726919575,-0.48866475505748375,1.1499073334308638
-0.4746580276661615,0.23120401715707978,-0.4760198050458658,-1.1041870354095125,-1.0076136258009822,-2.457896998965485,0.3428918651255234
-0.7181084315240973,-0.34508268034834255,-0.4957413756189102,0.5088876759782135,0.48958571150267255,-0.06219438847253652,-1.0764818570576566
-1.3673095084785927,0.04921874426063063,-0.4562982344728214,0.4990619312696284,-1.2437880680119364,-2.5136174325843106,-1.0444615675237423
0.12044295954212603,0.41318929005352895,-0.633792369630221,1.7215796414570776,-0.07782048461976047,0.15497669562328725,-0.6013368458432411
-0.9345087905089291,-0.5573988320608665,-0.337968811034555,1.3080308419218887,-0.951406908466346,-1.4929381005478863,-0.1359039463130764
1.6081954275628447,-0.8607076202216151,0.11562731214546615,0.6442561109529024,0.8670192444337098,-0.06492855131827334,-1.4486411380719662
-0.28530771355443363,2.2027111402019455,3.0146981863829927,-2.8167677171782355,0.385285555035434,-0.46272730932331624,-0.5848523461637999
-0.4746580276661615,0.17054225952493005,-0.5154629461919545,-0.5921251632464857,-2.2326563614067805,-0.681596480451373,0.341664750393276
-1.205009239239969,2.142049382569796,2.9949766158099482,-0.5251232939902842,1.0041461349894671,-0.6502659713140605,0.11000020372593494
-0.36645784817374555,-0.5270679532447917,-0.436576663899777,1.4296202521271637,-0.8430125614031608,-2.3509114243402154,-0.16310390800465943
1.7975457416745726,-0.8607076202216151,0.11562731214546615,0.5992288512743026,0.9443229889298241,-0.4193310779934491,-1.3460861868652
-1.205009239239969,0.17054225952493005,-0.535184516764999,0.18641698471249313,-0.23701892862309817,-0.4341002913187063,-0.9516715057247772
0.8507941711159334,-0.40574443798049226,-0.16047467587715541,-0.35775401321877104,0.5995430056202303,-0.2637997359334761,3.5293157068525773
1.7163956070552606,-0.9820311354859146,0.13534888271851053,-0.039587588878588334,0.7395692237971386,-0.0046366779112834424,-0.8321505107195383
-0.5017080725392654,0.44352016886960377,-0.5746276579110878,-0.20042747297979144,-2.3854539634524277,-1.2388214451403075,0.8366357415231288
1.6352454724359489,-0.7697149837733905,-0.436576663899777,0.4199207234151192,-0.31145260530358065,0.5935738612954534,1.6140999747325608
-0.6910583866509933,-0.16309740745189338,-0.535184516764999,0.5509737222570176,0.5402426497155224,-0.2686855141050538,-0.9219112732971592
-0.5828582071585774,2.3846964130983945,3.073862898102126,-0.5039354458960401,0.8419734713801008,-0.4887750810328676,0.08523735745084848
1.6622955173090528,-0.8607076202216151,0.05646260042633295,-0.11776408332950898,0.6332826095326758,0.5873733184680684,-0.8464543780796758
-0.7992585661434092,-0.0721047710036688,-0.6535139402032654,0.733765124097839,0.7955444193870521,0.2610851231203106,-0.998867068095024
1.7975457416745726,-0.8000458625894654,-0.0027021112928002438,0.17514878313810822,0.49099140384613815,0.46213053702785534,-0.8902122135973619
-1.123859104620657,-1.315670802462738,-0.7521217930684874,-0.6487825813678423,0.9896790165255136,-0.5999730596175109,-0.035996217922651425
1.6352454724359489,-1.4369943177270375,0.09590574157242175,0.16735247727295446,0.7687873515767736,-0.20967691473275296,-1.0393573445056048
-1.3402594636054888,-1.1640164083823636,-0.7718433636415317,0.8558045135183756,1.0358348219945972,1.3611799491456011,0.21441729269091
-0.04185730969649784,0.23120401715707978,-0.061866823011933435,1.4049579107877617,1.0367924907297987,0.3706408832604597,2.4784055148471995
-0.7451584763972012,2.688005201259143,2.9358119040908153,2.6470408769331812,0.4752036589580864,-0.6126148102550661,-0.6187816255688219
-0.7992585661434092,-0.9213693778537648,-0.12103153473106663,-1.2037567371332463,0.8452189596183832,0.5490209042694275,0.015707967509885058
-0.9345087905089291,2.7183360800752183,3.073862898102126,-0.38061749288446606,0.9005817304953353,-1.0880454675642133,0.33275462159161434
-1.2861593738592807,0.07954962307670549,-0.6140707990571765,0.5038402652663632,-0.8030319860785198,2.875106950020716,-0.9294907582687876
-0.9074587456358251,-1.2853399236466632,-0.3182472404615106,0.6105447374546777,0.9840632407796264,-1.1016934115957213,0.9636734859134085
1.1483446647200772,0.07954962307670549,-0.239360958169333,-0.3214040402423132,0.4760432925814539,0.6540917031178045,1.4795748307244678
1.0671945301007653,-0.2844209227161928,-0.1999178170232442,-0.35688223716550843,0.557891673583135,1.2834415158225754,2.4914650367206623
-1.2861593738592807,-0.13276652863581853,-0.5943492284841322,0.4470042581677481,-0.30111653834838115,-3.584002354408743,-1.2815440565774638
0.5802937223848936,-0.25409004390011797,-0.2590825287423774,-0.042361433788509845,0.5159126655925361,-0.9242986979617704,1.6619646398538
0.28274322878074987,-0.04177389218759395,-0.14075310530411103,-0.13172298105179686,0.5582471233474109,0.5202820744090413,1.8328215955827407
-0.6099082520316814,0.17054225952493005,-0.5154629461919545,1.0377367660523276,-0.8346847771490414,0.7409560004977501,1.221095309917445
-1.205009239239969,-1.3763325600948877,-0.732400222495443,-0.25416150938116217,0.9392527551414704,0.16042291465924402,0.29292047705275703
-0.9345087905089291,-1.0730237719341391,-0.436576663899777,0.5506529295285973,0.9131208650777564,-1.169121824320007,0.7605926997515537
1.0671945301007653,-1.1336855295662889,-0.061866823011933435,-0.14272110397617502,0.4115607134500917,-0.2379687997539949,-0.9580557364576202
-0.6910583866509933,0.6861671993982026,-0.4760198050458658,-2.0342689046697053,-2.0838729383014254,-1.1734102708480554,0.5758548712464762
0.20159309416143795,-0.0721047710036688,-0.02242368186584464,3.252380072892884,0.9082487864713423,0.36195909013883903,1.6989749954234634
-0.9615588353820331,-1.4369943177270375,-0.14075310530411103,-1.3087969737733305,0.7798192211244444,0.5420903357865715,0.0936101427085674
-1.096809059747553,0.04921874426063063,-0.4957413756189102,-0.8788672882605767,-2.3204440765987413,-0.9632782618439236,0.609569549420815
0.9319443057352453,-0.8000458625894654,-0.061866823011933435,0.08418225649163849,0.7749309036462827,-0.011924968879773398,-0.8270655192925741
1.2565448442124931,-0.5270679532447917,-0.061866823011933435,-0.6737139363083521,0.467166642257343,0.5958022441038847,3.158733198824357
-0.4476079827930575,0.3525275324213792,-0.5746276579110878,-0.4348573269249763,-0.3678312424193807,-0.6875288115670928,-1.0513183805883877
0.20159309416143795,0.04921874426063063,-0.02242368186584464,0.08070747923344046,0.9972500096834328,0.34267018660849907,2.4821473184027965
1.445895158324221,-0.5573988320608665,-0.3971335227536882,0.3679359075471912,-0.9302085800977006,0.6532917651159758,0.7326213983051695
-1.3402594636054888,0.17054225952493005,-0.4957413756189102,0.3597447624150612,0.7053989067488512,0.9116681318759257,-1.080604694440817
-0.6910583866509933,-0.0721047710036688,-0.5943492284841322,0.42078101666339823,-0.7440925217162586,3.8410602204562805,-0.9629903528258666
0.5261936326386857,-0.19342828626796824,-0.6140707990571765,-0.20347244186549068,-0.04544935732704862,0.16026612337559198,0.011883378383997466
1.6893455621821567,-0.3754135591644174,-0.5549060873380434,-0.12678754050856292,0.4080730936348303,1.004991127706647,-0.12991230623939273
-0.25825766868132966,0.6255054417660529,-0.5943492284841322,0.6139735006558071,-0.466080829231254,0.1581033317570209,-0.545154536447802
0.2556931839076459,-0.2237591650840431,-0.5154629461919545,-0.14810280789739944,-0.2605784246937812,0.19191168164673172,-0.28183334373042496
-0.5287581174123694,-1.4369943177270375,-0.436576663899777,0.6871607932618398,0.8905438319476631,-0.9463666587846941,0.9722459441114447
-0.5828582071585774,2.778997837707368,3.0935844686751706,-0.5586141826432593,0.9273094421814724,-0.33999453652965966,0.10553333116756838
-1.3132094187323848,0.5648436841339032,-0.5943492284841322,0.1837051118423119,-0.46824234321278524,1.7515906497432556,-0.9520123494767131
1.337694978831805,-0.16309740745189338,-0.633792369630221,0.014674494822349513,-0.18855363151289392,-1.1928952745377124,-0.5245628250191022
0.7966940813697254,-0.7090532261412408,-0.4562982344728214,0.11762203857595731,-0.25925120066804347,1.3016385470567862,0.8119015308442967
-1.1779591943668648,-1.1336855295662889,-0.7718433636415317,-1.334265480209183,0.9234174508056258,1.7222297548975118,0.20193095861526358
-0.7992585661434092,-1.4369943177270375,-0.14075310530411103,-0.15031212955527035,0.8048701582001961,0.7861908826299914,0.06675450768685476
-0.5287581174123694,-0.7090532261412408,-0.37741195218064383,0.18564369215308374,0.8760703945340848,-1.1814297334282973,1.362583758440945
-1.2861593738592807,0.44352016886960377,-0.633792369630221,-1.444808100672328,-1.6456142862491936,-1.946154952851931,0.07176636670326611
0.6884939018773095,0.07954962307670549,-0.18019624645019983,-0.24653134719964884,0.8270101301252397,0.09627724821653104,1.6938924557362263
1.8786958762938846,-0.40574443798049226,-0.29852566988846624,-0.2773169603686797,-0.7672991072503491,0.33187420071540713,0.21080517259637374
0.2556931839076459,-0.31475180153226767,-0.08158839358497784,-0.9122161033350328,0.5161541946181324,1.21019138509082,3.5264519590493335
-0.28530771355443363,-1.2853399236466632,-0.08158839358497784,-0.23394693058332983,0.6575646659571348,-0.19823920490990207,0.14243814974603203
-0.6640083417778894,0.32219665360530436,-0.5154629461919545,0.0603587397759467,-1.3819921779770552,-1.6882803681582117,0.10270637755425428
-0.8804087007627212,-0.9820311354859146,-0.2590825287423774,-0.4663401388541985,1.0533472230482197,-0.13879820146732877,0.13809993290838263
1.8245957865476765,-0.678722347325166,-0.2788040993154218,0.3754641879399385,-0.38298799818798307,-0.45395480410501754,1.4097272502019484
-0.3394078033006416,2.0207258673054964,2.9358119040908153,-1.5977165557600812,0.5159219439878346,-0.1965311570711517,-0.5380296698838528
-0.6099082520316814,-1.315670802462738,-0.3576903816075994,0.8332089981833908,0.8832857036270791,-0.2196846887182444,1.6151084250409644
-0.5828582071585774,-0.2844209227161928,-0.5549060873380434,0.8671800424371022,-0.3525048131094882,2.760274220861955,-1.2968695964512136
-1.1509091494937609,2.0207258673054964,3.0146981863829927,-0.8792336631095676,0.8827088074939802,-0.19984075606987933,0.3388551380888525
1.1483446647200772,-0.3754135591644174,-0.6140707990571765,-0.00450452312466124,-0.22070846749905415,-0.5516693091364869,0.035457273834090315
-0.7181084315240973,-0.49673707442871684,-0.535184516764999,0.972240402584442,-0.5915256126271877,-0.8474126771375724,-0.7374728013080867
-0.5017080725392654,-1.2853399236466632,-0.337968811034555,0.7635927040866543,0.9467975052827238,-0.019483158304567743,0.5013085650104755
-0.5558081622854734,-1.4066634389109625,-0.6535139402032654,1.4969809245236083,0.8794018240712151,1.7371855311931168,0.22183508823209472
-1.3132094187323848,2.0207258673054964,3.0541413275290816,-0.4966341096728849,1.0429864075829791,-0.750491024492852,0.0925568083738341
-0.36645784817374555,0.5041819265017535,-0.4562982344728214,-1.166265347306956,-2.084777604914676,-0.8458876719944781,-0.3517896629810059
-0.7992585661434092,-0.7393841049573157,-0.7126786519223985,-0.659021845117708,0.9286511552159844,-0.048527147309788195,0.2508365491922324
1.0401444852276613,-0.04177389218759395,-0.12103153473106663,-0.5029827221818178,0.4489182271543615,-0.4313795129848288,1.685509431072517
1.391795068578013,-0.011443013371519088,-0.535184516764999,-0.5140666407119598,0.20963689024292775,0.5630912168843955,-0.21728896471786702
0.36389336340006184,-0.5573988320608665,-0.4957413756189102,-0.5175688646747512,-0.4272081895486632,-1.0249178892841457,-0.732218375486303
-0.36645784817374555,-0.9213693778537648,-0.3971335227536882,-0.006234878486400039,1.0251495713615026,-0.9480570189813663,2.1860257562612206
1.6352454724359489,0.7771598358464272,0.09590574157242175,0.5260903102954714,0.19455843076251378,-0.400899318860069,0.29294051256124465
-0.988608880255137,-0.49673707442871684,-0.6535139402032654,0.4571428767689578,0.5620130905416838,0.13518945433352045,-0.9873755170096781
-0.7722085212703053,-0.13276652863581853,-0.5154629461919545,0.5109062000427422,-0.4421115171338537,-3.560573871796973,-0.5580049797474051
-1.123859104620657,0.20087313834100493,-0.4957413756189102,1.247551533299915,-0.6387037125951803,-0.25797274395192554,-0.7102021218529369
-1.123859104620657,-0.7393841049573157,-0.2788040993154218,0.7376766700203222,-1.1443237685251626,-0.9643219074068468,-0.048734281434522686
-0.28530771355443363,-0.25409004390011797,-0.5549060873380434,0.7361300434829359,-0.6152978917665987,0.5177930998544256,-1.1790574283907005
-0.28530771355443363,-0.25409004390011797,-0.5943492284841322,0.9451878232808348,-0.7268934877007881,-1.5645153694491227,-1.3133674245477616
-0.6369582969047853,-0.89103849903769,-0.14075310530411103,-0.2597248652813856,0.8714449699999673,0.17240060165749202,0.12584008168267666
1.6081954275628447,-0.7697149837733905,-0.04214525243888904,-0.26695364800675675,0.744326121010904,0.029020436651357423,-0.9453291979318694
-1.3402594636054888,-1.3763325600948877,-0.436576663899777,0.3686399936235971,1.0195798668286944,-1.1761443641638605,0.9620119663271278
-0.8804087007627212,0.10988050189278034,-0.535184516764999,0.3416126086433929,-0.33561328368801663,-0.41259747621887516,-0.9776586241615487
-0.988608880255137,0.6255054417660529,-0.5746276579110878,-1.4293280113582156,-1.5502531739656948,0.19134743723756834,-0.1878620874700746
0.6073437672579977,-0.25409004390011797,-0.21963938759628862,-0.38260584450814494,0.14365810793460657,0.34292521596014436,1.40721788463932
0.8778442159890374,0.1402113807088552,-0.4957413756189102,-1.1641423261669201,-0.5272043456847013,-0.12252126118701444,-0.6875228902943916
-0.7722085212703053,-0.0721047710036688,-0.633792369630221,0.45782926133819735,-0.45165604884977173,2.785354766841516,-0.6043608400788241
1.202444754466285,-1.2550090448305882,0.05646260042633295,0.023724345490974026,0.5708310214496136,0.2642773452935387,-1.072707391081626
-1.3673095084785927,0.6255054417660529,-0.6140707990571765,-0.45576147557718183,-0.3102622513842955,0.984532370198964,-1.0221447747492154
1.391795068578013,-1.2853399236466632,-0.02242368186584464,0.4621630103951143,0.9565338987665907,0.036760314225730346,-1.3816732575836557
1.202444754466285,-1.1336855295662889,-0.04214525243888904,0.2824688792301909,0.8383247082695477,0.34808501416786897,-1.4304117723213288
-1.042708970001345,0.41318929005352895,-0.4957413756189102,-0.0030755371551225434,-0.37101287633892266,0.13991353549848495,-1.0496163314826616
1.202444754466285,-1.2550090448305882,-0.04214525243888904,0.11283999268657753,0.4291482963404468,-0.19769680320003424,-0.8839222230351921
0.7966940813697254,-0.31475180153226767,-0.633792369630221,-0.41137212890903435,0.007291552104367323,0.23383617677435237,-0.6656048658393761
-0.8804087007627212,-0.8303767414055403,-0.337968811034555,1.37405226858011,-1.0609199914011143,-1.362119749934456,-0.22443731894840405
-0.988608880255137,-0.3754135591644174,-0.6140707990571765,0.6873193573474814,0.763935361451049,0.7849478908900112,-1.2133077145305717
1.8786958762938846,-1.0123620143019894,-0.2788040993154218,-0.4092451572265074,-0.934844188422167,0.5533646270932037,0.4862560628148133
-0.6910583866509933,2.7183360800752183,2.9949766158099482,-0.36294346792444976,0.9575263963156628,-0.5821310057242213,-0.052230256013858604
-0.3935078930468495,2.2633728978340955,3.073862898102126,-0.08069372508386387,0.4146741488570242,-1.005048136566872,-0.6598427489538349
-0.5287581174123694,-1.4673251965431122,-0.6732355107763097,-1.57372840220771,0.9079891746323704,0.1378422748846771,0.1299131306553522
1.2565448442124931,0.17054225952493005,-0.10130996415802224,0.1409643306973878,0.5650669696804043,-0.24445839138351355,3.0371311495873647
2.176246369898028,0.07954962307670549,-0.5549060873380434,-0.7172088213816855,0.46628103239553836,1.6562165853059383,-0.20390884069184498
-0.7722085212703053,-1.1033546507502139,-0.8507296459337094,-0.30031794376419235,0.8643034087162147,0.6041450427557431,-0.012127073299122257
0.7966940813697254,-0.8303767414055403,0.13534888271851053,-0.218952367477643,0.7866103788437492,-0.43296299923846726,-0.9841277865964101
0.6614438570042056,-0.3754135591644174,-0.2590825287423774,-0.1329594614051288,0.32238620183641137,0.4898972895141255,1.1423780461564557
0.8237441262428294,-0.25409004390011797,-0.4957413756189102,-1.2460864646278607,-0.1521502939857777,-0.36567246179362844,-0.3487833303184698
-0.5287581174123694,0.6558363205821278,-0.5943492284841322,-2.0071562566081873,-2.239651969961982,-0.8397013905286465,-0.26449651274798663
1.4999952480704288,-0.9820311354859146,0.07618417099937735,0.6412442848110937,1.0464761576077741,-0.2444388418843738,-1.4560186919695655
-0.3394078033006416,0.23120401715707978,-0.535184516764999,0.9130218988492691,-0.1811661871538179,-2.291704780545692,0.43915735556302876
0.44504349801937376,-0.2237591650840431,-0.08158839358497784,0.23279932582859406,0.3034338664970584,0.7944069307914814,0.912194160297207
-0.3123577584275376,0.5041819265017535,-0.6535139402032654,-0.9618590443203402,-0.3372993913489181,-0.1416370068603256,-1.00564215770836
-0.9074587456358251,-0.04177389218759395,-0.6140707990571765,0.4415956578171949,0.6729187579753894,-0.1434249523161862,-1.0650463483999124
-0.3394078033006416,0.44352016886960377,0.11562731214546615,0.7282863034955156,0.8685279063124811,0.3383954065748115,1.783191326833837
1.7975457416745726,-0.49673707442871684,-0.3182472404615106,-0.5004974798834972,-0.19570367600331756,0.40082926412450487,1.0688337288542715
1.7704956968014687,-0.8607076202216151,0.03674102985328855,0.7132617277063136,0.9628692023976252,-0.49890493026461363,-1.3534251178102552
1.5270452929435328,-1.2853399236466632,0.11562731214546615,0.5810370330688425,0.8917500112406103,-0.4922989120519978,-1.340147662330422
0.4991435877655817,-0.49673707442871684,-0.12103153473106663,-0.5101400736553735,0.534875867464473,0.7688158883275787,2.669757151012502
0.4179934531462698,-0.011443013371519088,-0.14075310530411103,-0.11220887505336401,0.4073667555770392,1.677162192683216,2.7773964267006512
1.2565448442124931,-0.9517002566698397,0.03674102985328855,0.12144155046736511,0.6592272942738435,0.37795504708910266,-0.8056736930079234
0.7696440364966215,-0.25409004390011797,-0.5549060873380434,-0.36272681922754985,-0.5458969343390107,-0.9800481912292877,-0.24505918569010865
-0.988608880255137,-0.9213693778537648,-0.4562982344728214,0.10669584984315146,1.1439796684341972,-1.1127808566619142,0.5774302072054855
-1.3402594636054888,-0.16309740745189338,-0.4760198050458658,0.7300300074701237,0.6349848696025616,-0.31355468038469275,-0.8046330764171175
0.8778442159890374,-1.315670802462738,0.09590574157242175,-0.14094306795307185,0.6082530005358849,-0.3620900273427769,-0.990598076831546
-1.2591093289861768,0.17054225952493005,-0.5746276579110878,0.11955120503784802,-0.17037003570685214,1.474468808660714,-1.1344087097269724
-0.6369582969047853,-0.9517002566698397,-0.37741195218064383,0.6286930208002295,0.9291812723061285,-0.6130333778689233,0.7583453754072216
-1.015658925128241,-0.7090532261412408,-0.21963938759628862,-0.9427272928490109,0.9043728579057617,-0.25649917936999234,0.06084487224555327
1.554095337816637,1.050137745191101,0.13534888271851053,0.1269980525806918,0.5357683280442973,-0.7531111337863096,0.18758291995224957
-0.988608880255137,0.6558363205821278,-0.4760198050458658,-0.2163582535140766,-0.6311918362237593,-0.05175764313525347,0.26878301801415394
-0.4746580276661615,-0.19342828626796824,-0.04214525243888904,0.7018382853933146,1.0096694569536495,0.4675070664707519,1.9162014784400463
-0.6640083417778894,-0.8000458625894654,-0.7521217930684874,0.47818250753038477,0.9624747830147017,-0.5103481638542641,0.19230476801405175
-0.5287581174123694,-0.7393841049573157,-0.2590825287423774,0.30426327070018205,0.9304071722770261,-0.436821537048237,0.6842470861565966
0.17454304928833397,0.10988050189278034,0.05646260042633295,2.63764838228289,0.8985587939238386,0.6642388884791967,0.04303292884447835
-0.014807264823393862,-0.2237591650840431,0.07618417099937735,1.0923513217694973,0.8415880221728839,0.3317457737811289,-0.895421196649475
1.121294619846973,0.9591451087428764,0.05646260042633295,0.7054234214405914,0.43236232826062526,-0.9471426810651897,0.09690777063926137
-0.42055793791995355,2.4756890495466193,2.9752550452369038,-0.763262999236522,0.4085106664485632,-0.09739026351643221,-0.6171789475550566
-1.042708970001345,0.7468289570303523,-0.4957413756189102,-1.8893431291428913,-2.361193082789108,-0.6157683724986585,-0.27936207603187696
-0.5828582071585774,-0.25409004390011797,-0.633792369630221,0.5507247907445971,0.7384087241708704,0.13780399221929984,-1.0926114691304998
1.5270452929435328,0.5648436841339032,-0.061866823011933435,0.49403154358934864,0.4530888624809784,-0.8827587831873023,-0.21895163635040937
-0.5017080725392654,0.10988050189278034,-0.5154629461919545,0.6006539340368573,0.7200876297233662,0.37733969174215803,-1.0664592657394671
-0.4476079827930575,-0.9820311354859146,-0.12103153473106663,-1.3579923535988412,0.8289593910144631,0.22189057526441755,0.13595515461372298
-1.3132094187323848,-0.5270679532447917,-0.337968811034555,1.0369822380766713,-0.9618959410417962,-0.9587892433518751,-0.21225428244728684
-1.3132094187323848,0.6558363205821278,-0.5154629461919545,-0.34551703724879107,-0.4319984009099615,0.23466101936765632,-0.9218642042369594
-0.7451584763972012,-1.4369943177270375,-0.29852566988846624,0.6973644212644656,0.9542110636363117,-0.5801470759922635,1.8357199500088817
1.310644933958701,-1.0426928931180643,-0.29852566988846624,0.3731416594733398,-0.7129379882235427,-0.26088573005653487,0.4909243634334492
0.03929282492281409,0.5345128053178283,-0.633792369630221,0.4138290736762309,-0.12950518374933837,0.7719485581142769,-0.5739369662183088
0.6073437672579977,0.10988050189278034,-0.14075310530411103,-0.8279800802310973,0.6053740163037775,-0.8390565544906465,3.0523863391870973
-0.04185730969649784,0.01888786544455577,0.03674102985328855,-0.003962277145417987,0.9744599600799502,0.36846329335475153,-0.11295175614731098
1.5270452929435328,0.1402113807088552,-0.6535139402032654,-0.37589821584918887,0.19462116599326035,1.3902209663900356,-0.48617122189237394
-0.6910583866509933,2.051056746121571,3.0146981863829927,0.9590946973090253,0.5056504665088615,-1.1358058145893153,-0.604771881391248
0.28274322878074987,-0.0721047710036688,0.05646260042633295,2.693379397204022,1.0183423293282394,0.1265963530777834,0.3156572219018005
-0.5017080725392654,0.04921874426063063,0.05646260042633295,0.7815550496175442,0.973296298066911,0.12569856199776955,-0.7385753226080756
0.8507941711159334,-0.8303767414055403,-0.02242368186584464,0.564004193186173,0.987257420759732,0.11453813625508322,-1.434960471105039
-0.17710753406201774,0.20087313834100493,0.13534888271851053,1.7032705791186369,0.8567816030148052,0.449387246938141,-0.08984368617908431
0.17454304928833397,0.5951745629499781,0.7269959999098424,-1.4104883653259768,-2.540553881177828,1.1353237628184423,-0.20916513490214708
1.5270452929435328,0.5345128053178283,0.13534888271851053,0.744671047316869,0.561640225026492,-0.49996251014089305,0.2483082464281386
-1.3132094187323848,0.41318929005352895,-0.5943492284841322,1.7503865771965976,-1.0707473903034006,-0.7142147367156502,0.4614084370084179
-0.4476079827930575,0.44352016886960377,0.05646260042633295,0.3358440237372439,1.0190426817436382,0.2713351432507378,-1.1427156470457018
1.202444754466285,-1.1336855295662889,0.13534888271851053,-0.07400987857236319,0.722156602116448,0.1757442355578029,-1.1467872937318173
-0.6910583866509933,0.2918657747892295,-0.5549060873380434,-1.944412798005478,-2.2527497857060172,-1.2532875581792644,-0.15082408333295474
-0.7722085212703053,0.20087313834100493,0.7269959999098424,-1.3422110881791802,-2.5396772419397236,1.7197593486974436,-0.15785153567322016
1.5811453826897408,-0.5270679532447917,-0.5943492284841322,-0.0481172164124288,0.22854958307725656,1.3498467209210934,-0.7417095443476961
0.6614438570042056,0.01888786544455577,-0.239360958169333,0.12821984117615337,0.5885936833719486,0.7050580855959074,2.7862191451004774
-0.23120762380822568,0.17054225952493005,0.13534888271851053,2.851475460912695,1.0268169278025883,0.6473300241267228,0.825343192994654
-1.2320592841130729,0.17054225952493005,-0.6535139402032654,-1.3351819291468254,-2.2958941401655633,-0.6490305905264232,0.5550397547606593
-0.5287581174123694,0.1402113807088552,-0.6535139402032654,0.2890836869052739,0.6064472991934396,0.8307719374739847,-0.9405214349389951
-1.069759014874449,-1.1943472871984386,-0.8507296459337094,-2.7891118547319005,1.0511078746598943,0.6051646026352774,0.21825948187017633
-1.1779591943668648,-0.9213693778537648,-0.2590825287423774,-1.162416234945403,0.7744088060894412,0.7441718023309766,-0.01722648385072641
0.36389336340006184,-0.25409004390011797,-0.10130996415802224,-0.002910075891703095,0.5419678488493287,-1.2122403865799014,1.9251013334570797
2.2303464596442364,-0.10243564981974367,-0.4562982344728214,0.015235077393473085,0.4375064464962659,1.4074626009957898,-0.06468339461923821
-0.3123577584275376,0.5951745629499781,-0.4760198050458658,0.0027355254512869314,-0.45912154802849003,0.9627344391666609,-0.619173373589464
1.202444754466285,-1.4066634389109625,-0.061866823011933435,0.3265223528664315,0.8677366909406251,-0.5725808803245888,-1.4187704360423212
1.7704956968014687,0.8378215934785769,0.13534888271851053,0.15355983171150955,0.5496321796803109,-0.7220952372893644,-0.15167560004316538
-0.5287581174123694,-0.49673707442871684,-0.535184516764999,0.31452358691662075,0.670802646352503,0.30522780204545025,-1.1977063121403113
0.33684331852695787,0.1402113807088552,-0.5154629461919545,-1.4576381846234232,-0.7234446556187756,-0.3497222310742111,-0.7198213015641699
-0.9345087905089291,-1.1943472871984386,-0.3576903816075994,0.8016972543980545,1.1143432835325722,-0.13093483229623948,1.924109810104505
-1.123859104620657,-0.16309740745189338,-0.5549060873380434,0.7928816198162276,0.5757220416731205,-0.12719955302915692,-0.8578454096456036
-1.1509091494937609,2.506019928362694,3.0146981863829927,3.1579635274304954,0.48340429994263795,-1.1164721299201659,-0.530321419360805
-0.7181084315240973,-0.25409004390011797,-0.5746276579110878,0.2394315884717464,-1.01273945828215,-0.6746622500587802,-1.2442029343584944
-1.1509091494937609,-0.8303767414055403,-0.239360958169333,-1.3531958289613724,0.7155229661122317,0.42287563976639925,-0.017865702156195377
1.2565448442124931,-0.10243564981974367,-0.14075310530411103,-0.21997773936066273,0.4083117658052861,0.7656052690494504,2.836374176621129
-0.3123577584275376,0.7164980782142775,-0.535184516764999,-0.522033963845623,-0.5012406673591842,-2.411393556104665,1.016585045502233
0.30979327365385384,0.07954962307670549,-0.2590825287423774,0.06581654735795252,0.4581604662337386,-0.3103090798253541,1.0827995711489287
-0.014807264823393862,0.1402113807088552,-0.4957413756189102,0.4277380028543346,-0.3998857493444703,1.442674906992627,-0.6106786449496748
-0.5017080725392654,-1.2550090448305882,-0.3576903816075994,-0.04973083649788418,1.194295298248518,-1.1543414578786633,2.07311380711293
0.012242780049710114,0.07954962307670549,-0.5943492284841322,0.48978890749344006,-0.3234951425724503,0.2963373560366515,-0.5906331460298239
0.06634286979591807,0.04921874426063063,0.13534888271851053,1.5144604340807002,0.8880110508920785,0.3004098644857843,2.3701497288488427
-0.4476079827930575,0.38285841123745407,-0.6140707990571765,-1.3477963012495893,-2.2467964225963817,-0.7554848470279795,0.390451901133292
-1.2320592841130729,-0.8607076202216151,-0.8310080753606649,1.001272809175909,1.0116844904701778,-0.5988009433422041,0.0598178249032619
-0.8263086110165132,-1.3763325600948877,-0.7126786519223985,-0.06814586922947637,1.0542832581728312,1.0095476996777402,0.26177496336816697
-1.3402594636054888,0.6861671993982026,-0.5746276579110878,-0.28776517882330516,-1.1084833152355467,0.2487267365691726,1.3359166468243466
-1.069759014874449,-0.8000458625894654,-0.3576903816075994,0.40468346327769755,-1.0244943576808827,-0.10508583121042064,-0.24697238296371676
0.33684331852695787,-0.19342828626796824,-0.2590825287423774,0.26453963305231104,0.7895943234946887,1.231466308113844,1.6351930370803651
-0.6369582969047853,-0.7090532261412408,-0.337968811034555,0.658929457282922,0.8650269945273248,-0.9762992712196709,0.8202739451746027
-0.28530771355443363,2.7183360800752183,3.0146981863829927,-0.13253830754109186,0.5061222413934289,0.0005155762988482023,-0.6659629794288232
-0.988608880255137,0.04921874426063063,-0.6535139402032654,0.3335680734091676,-0.7236527486425813,2.026600626019447,-0.5438719497924076
-1.2861593738592807,0.20087313834100493,-0.5746276579110878,0.02016467791857704,-1.3758552575566985,-2.1316964396587217,-0.04933685934923294
1.7163956070552606,1.23212301808755,0.09590574157242175,0.13626567813681142,0.24292215607742068,-0.3677358835514288,0.2746666613955418
-0.7451584763972012,0.04921874426063063,-0.633792369630221,-0.9137984957923025,-0.07792133872932216,-1.7573928228685198,1.47824623206153
0.6884939018773095,-0.40574443798049226,-0.10130996415802224,-0.0960714296694519,0.5235423929504253,-1.8105872817083177,2.313835407834773
-0.8804087007627212,-1.0123620143019894,-0.436576663899777,1.1874686141827608,-0.8711148966291165,-1.3397604020435463,-0.24473273844528748
1.8516458314207807,-0.8607076202216151,0.05646260042633295,0.16345473162296592,0.42522614245199136,-0.24791151432484423,-0.9019585259529455
0.09339291466902205,0.23120401715707978,0.5692234353254872,-1.3475973816722346,-2.5183767732719122,-0.3473600932785841,-0.4697735080091933
0.7155439467504136,0.04921874426063063,-0.10130996415802224,-0.028625874848058674,0.20469375537277676,0.2410398614042433,1.6322312540666661
-1.2591093289861768,-0.40574443798049226,-0.535184516764999,0.6218161341757603,0.4043899609038392,0.3208597221622055,-1.0712592175438522
-0.3394078033006416,-0.89103849903769,-0.29852566988846624,0.5215772819518253,1.1456634474244034,-0.6470200243926544,0.7135280183046191
-1.205009239239969,0.2918657747892295,-0.4957413756189102,0.07332011664392639,-0.9624562775397351,-0.7336185487589112,1.0282449352085399
-0.7451584763972012,-0.25409004390011797,-0.535184516764999,1.1479958685262095,-0.8794723102834693,3.2305549120107617,-0.5258583816490646
-0.6099082520316814,-0.8000458625894654,-0.3182472404615106,0.6501612706295509,0.9663372601246679,-0.9164325939466986,1.5970949450154994
1.6352454724359489,-0.40574443798049226,-0.4562982344728214,-0.2287613968354501,0.5832234444023379,-0.37198707233679734,-0.2273049090168222
-0.8263086110165132,0.20087313834100493,0.5889450058985317,-1.4737526762312458,-2.5414628946729083,-0.1514425633400979,-0.2303330181944626
0.22864313903454195,0.26153489597315466,0.07618417099937735,3.556264812774141,0.971165832281321,0.17036169821376723,0.005748620763069108
-0.5287581174123694,-0.8607076202216151,-0.7126786519223985,-1.4976030795147024,0.833668695180915,0.6954602588003299,0.14970144406814878
-0.4746580276661615,2.4453581707305445,3.0935844686751706,-0.9088472866084231,1.0262835219914803,-0.5032398047607819,0.2032938418275401
-0.6369582969047853,2.0207258673054964,2.9949766158099482,-0.8267479429104984,0.8652801686983699,-0.4714367290044802,0.23880127189734335
-0.3394078033006416,-1.1640164083823636,-0.3576903816075994,0.6457479190289874,-1.0434222357060294,-1.8037258749060772,-0.11747617547011253
-1.042708970001345,-0.7393841049573157,-0.6929570813493542,-0.6288495186618054,0.9003356274551574,1.4097800967124694,0.26238268903160317
0.33684331852695787,-0.31475180153226767,-0.5746276579110878,-1.4055465956310438,-0.7122861665060465,0.21315952018616302,-0.22649744237955333
1.0130944403545572,0.7468289570303523,-0.061866823011933435,0.6823174360575005,0.34787297395875044,-0.1958261789297938,-0.20676941263267645
1.1753947095931812,-0.10243564981974367,-0.21963938759628862,0.004200308897713356,0.4136368277570284,0.607308578681766,1.9194337996238928
-0.23120762380822568,0.6255054417660529,0.6875528587637537,-1.2595781056749684,-2.5602983628197227,1.3763078133098392,-0.6826048192790903
-1.3673095084785927,2.536350807178769,2.8963687629447263,-0.6328469252763745,0.3922348477730551,-0.18909240719316414,-0.6895367020810238
1.0942445749738692,-0.5573988320608665,-0.1999178170232442,-0.14738568483354336,0.4074549834351838,-0.4404464864771614,1.4506602572489842
0.9048942608621414,-0.5270679532447917,-0.3971335227536882,0.21508199282463844,-0.7113737433317319,-0.4589811872496566,0.6717344144252521
-0.8533586558896171,-0.8303767414055403,-0.37741195218064383,0.2538097841117487,1.226265203375602,-1.0362638324730213,1.1411071674177249
0.2556931839076459,0.04921874426063063,-0.061866823011933435,-0.8354515737943924,0.5330481154294022,-0.6960871774715642,3.330581411923776
-0.5287581174123694,-0.40574443798049226,-0.5154629461919545,0.7424452252903122,0.6598892500544005,-0.14272134803477501,-0.9074329810305105
0.47209354289247774,-0.40574443798049226,-0.5746276579110878,0.09847449282391631,-0.23407908266944918,0.2305677575214916,0.0674957455060104
-0.9345087905089291,-1.4369943177270375,-0.37741195218064383,0.7184533282882924,0.9195245755384205,-0.7829485198294113,0.5182717251649608
1.5811453826897408,-0.9213693778537648,-0.4562982344728214,-0.10402869598026952,-0.13217824324662858,0.683677938034343,1.6532775867980882
1.8516458314207807,-1.0426928931180643,0.13534888271851053,-0.09008642485468507,0.5382850704812698,0.440232727536207,-1.0246941905206952
-0.6640083417778894,-1.315670802462738,-0.29852566988846624,0.5184077496804337,1.1426408651180695,-0.5222978302900229,1.7246790926256004
-0.5287581174123694,2.748666958891293,3.034419756956037,-2.8842119643562576,0.4087860382541329,-0.7799670506048167,-0.638107800699174
-0.9615588353820331,-0.25409004390011797,-0.4957413756189102,-0.2840779933406765,-0.44785770515855433,0.9629075841477753,-1.040143098861541
-0.5017080725392654,0.5041819265017535,-0.5549060873380434,-0.9370710844079102,-1.1281458991687612,-0.3444488209580328,1.6658066028578142
1.9057459211669885,-0.25409004390011797,-0.5154629461919545,-0.6282065328628934,0.4424410157289251,-0.04193932018746034,-0.7106533358707291
-1.123859104620657,0.20087313834100493,-0.535184516764999,0.8480122331435982,-0.18446237661896,1.34607754581229,-1.1423608978583575
1.229494799339389,0.9894759875589513,0.05646260042633295,0.8410591619935227,0.24893457997435528,-0.2819664122021194,-0.2081936018230099
0.28274322878074987,-0.3754135591644174,-0.6140707990571765,-0.09910760992941993,-0.2763628633891184,-0.5851524031559097,-0.4853050953465515
-0.3123577584275376,-0.89103849903769,-0.337968811034555,1.5605727458546144,-0.7929914528805285,-2.2136816144266667,-0.08740464555884601
-1.2591093289861768,0.17054225952493005,-0.5154629461919545,0.7283511314441559,-1.0047386461836,3.1387840225454147,-1.1049170265748096
-0.6099082520316814,2.506019928362694,2.9949766158099482,-0.5093521327289756,0.9392045474469484,-0.29678773949880216,0.20326917424989988
-1.3402594636054888,2.3846964130983945,2.9949766158099482,-1.8472736049282132,0.5157278565877171,-1.1016781613640285,-0.6682344079030089
-0.5287581174123694,0.5648436841339032,-0.6140707990571765,0.601012825931175,-0.9837267288448613,-0.8283404584891173,-0.12925695729592024
-0.5828582071585774,0.5648436841339032,-0.4760198050458658,-0.48725200713860967,-1.5568800103231615,0.6258069719539828,1.0691262331648541
-0.5287581174123694,0.7771598358464272,-0.4562982344728214,-0.4843826293147491,-2.2005578951104083,-0.7394944704985329,-0.7260002885697789
-1.2861593738592807,0.5648436841339032,-0.4760198050458658,2.1435347753098433,-0.6048756545878253,-0.5726556301515686,0.34646632251716347
0.06634286979591807,0.6255054417660529,-0.6535139402032654,0.747522792664511,-0.29063404827135875,1.3400474079716722,-0.5668435984483587
0.30979327365385384,-0.34508268034834255,-0.239360958169333,-0.5647160509346408,0.4765056018094015,-0.059676109626877215,2.627477270342199
-0.6910583866509933,-1.2550090448305882,-0.436576663899777,0.5769368945987005,1.0863088941508394,-0.051558887962617,0.5669069530837769
-0.7992585661434092,-0.4360753167965671,-0.5549060873380434,0.27952423203385224,-0.8570312839761749,1.1738328652934285,-0.7737007077564705
-0.7722085212703053,-1.3763325600948877,-0.29852566988846624,0.550506605616045,1.0954915989136895,-1.0436856093221178,1.8170469773283944
0.3909434082731658,-0.4360753167965671,-0.061866823011933435,-0.38982789573001037,-0.02422507668957828,0.37551829208840215,1.4648461029249742
-0.7722085212703053,-1.1033546507502139,-0.436576663899777,0.6022705086468506,-1.0622822400139218,-2.217132194375124,-0.06990450030295646
-0.3123577584275376,-0.89103849903769,-0.6732355107763097,0.9684391109184602,0.8723637752910035,0.917926875118946,0.046417332076901435
-0.3935078930468495,0.23120401715707978,-0.535184516764999,1.7541125008744636,-1.4508749327040966,-1.1064904528357187,1.17772121147393
1.6893455621821567,-0.6180605896930162,-0.2788040993154218,0.070842309964772,-0.4160177495329032,0.10746218841051858,0.9041928995547737
0.9319443057352453,-0.011443013371519088,-0.1999178170232442,-0.14670034756238845,0.10801622780495174,0.143772453147696,0.9118163155406913
-0.7722085212703053,0.04921874426063063,-0.4760198050458658,0.5765957988825618,-0.6327637722695693,2.812643128933219,-0.7052249488921704
0.20159309416143795,0.5345128053178283,-0.6535139402032654,0.4302348462964046,-0.17223405730318772,0.5702566858036592,-0.533657075674542
1.310644933958701,-1.4369943177270375,-0.061866823011933435,0.09493401191020573,0.6773681223715591,-0.6120973376009072,-1.1361914983311936
-1.3132094187323848,2.111718503753721,2.9555334746638597,2.7620195384830675,0.4829391522272877,-0.2875484618224924,-0.5990350501750749
-0.5828582071585774,-0.9820311354859146,-0.061866823011933435,-0.44076068390774814,0.9722364343773243,0.3513877322785366,0.03108944975130569
-0.3394078033006416,0.7164980782142775,-0.5154629461919545,0.510882914918107,-0.094739758284428,-0.2099714267848922,-1.2328820790021107
-0.3123577584275376,2.3846964130983945,2.916090333517771,2.009063912267217,0.532881548723677,-0.8984334603493007,-0.5396724004586927
0.9860443954814533,-0.16309740745189338,-0.4562982344728214,-1.3787627932510114,-0.45032122326875323,0.23224632981955132,-0.17886781586567188
1.4188451134511169,-0.8000458625894654,-0.337968811034555,0.2988901345056571,-0.888807907195621,0.2770689612609903,0.41017991260520864
-1.3132094187323848,2.3543655342823198,2.9752550452369038,-0.6252922928126249,0.8868859234959084,-0.5909878996781848,0.374765379044144
-0.7181084315240973,-0.46640619561264196,-0.5154629461919545,-0.2299304832612192,-0.5785440427085784,2.222831630367567,-1.2401012543130696
-0.5828582071585774,0.2918657747892295,-0.6140707990571765,0.8642168476114163,-0.15870787322177493,1.0109986670318587,-0.6700796673783028
-1.2861593738592807,-0.7697149837733905,-0.29852566988846624,0.9255439667141079,-1.0099435419179874,-0.9287490668249136,-0.16424579447389834
-1.1509091494937609,-0.7697149837733905,-0.1999178170232442,-0.47702666200000576,1.0303386775617152,0.47389103054564397,0.039552227427532526
-0.6640083417778894,-0.5573988320608665,-0.337968811034555,1.5387280663257688,-0.8230067373230459,-1.463734777266139,-0.09870222006329185
1.6893455621821567,-0.9820311354859146,-0.29852566988846624,0.07452556462803762,-0.698774309259728,1.0314449065766473,1.3280329519776934
0.5261936326386857,-0.10243564981974367,0.09590574157242175,2.330787627542902,0.8520356359487153,0.58901179388457,1.245592116195788
0.8507941711159334,0.7468289570303523,-0.04214525243888904,-0.11568280224475523,0.6066946050964139,-0.9498283223193071,0.12548244251843746
2.2303464596442364,-0.19342828626796824,-0.4760198050458658,-0.24501385763890546,0.3479372036961218,0.9720895562844227,-0.22985958996721928
-0.4746580276661615,2.7183360800752183,3.073862898102126,-0.8900944972862218,0.9195939876656724,-0.8522857081549986,0.3443895849757927
-1.1509091494937609,0.1402113807088552,-0.6140707990571765,0.6130294235607957,-0.10188951247500375,1.0425532659887866,-1.2367551496074096
-0.4746580276661615,-0.19342828626796824,-0.6140707990571765,-0.15315323230317238,-1.0373485997565641,2.7620852541179257,-0.7162896408726968
1.6352454724359489,-1.4673251965431122,0.03674102985328855,0.38439292479791576,0.912414036914975,-0.09845676125025248,-1.4233334562429623
-1.1779591943668648,-1.1033546507502139,-0.436576663899777,1.8239378502639105,-1.0158084370449119,-0.07961267030781774,-0.21486851570331023
-1.1779591943668648,-1.1640164083823636,-0.3182472404615106,-0.12019908687679517,1.0960900681782446,-0.37871220948597895,1.2899358225146988
-0.7992585661434092,-0.9820311354859146,-0.1999178170232442,-0.609829206806956,0.8016932748047116,-0.19144363522746516,0.025145383199103078
-1.123859104620657,2.6576743224430683,3.034419756956037,-0.9135953436317298,0.4367294719447343,-0.4594924279617861,-0.6716749040453501
-0.9074587456358251,0.32219665360530436,-0.6140707990571765,-0.9116865117145616,-2.0828024455158585,-1.047659242345552,0.3818922010288485
-0.6640083417778894,-0.04177389218759395,-0.4957413756189102,0.8567329639792611,-0.9778313826974542,-1.9886420558601363,-0.9151333148769318
-1.1509091494937609,-1.1640164083823636,-0.29852566988846624,0.6565102440717223,1.1947029038748487,-1.2551146876144312,1.9974937782003164
-0.8263086110165132,-0.7393841049573157,-0.4168550933267326,-0.10760520513146281,0.9376614039493405,-0.5527796467798557,0.9816622042723289
-0.7722085212703053,0.20087313834100493,-0.4760198050458658,-1.353458830953138,-2.292968757237061,-1.0889063949044957,0.01359249609962662
-1.3402594636054888,-1.4369943177270375,-0.2590825287423774,0.27181159364897733,1.0881137559532919,-0.31506656368455876,0.7900281349280458
-1.2320592841130729,0.3525275324213792,-0.633792369630221,-0.8514070733247014,-2.371925566730661,-0.7849323246650102,0.10124452186128025
-1.2320592841130729,-0.9820311354859146,-0.1999178170232442,-0.6332654086289123,0.8471066988915035,-0.47551069114422295,0.16201095252269387
-1.042708970001345,0.8074907146625021,-0.5746276579110878,-0.7364902358910974,-0.2783889896749955,-0.6622800932841287,-1.219604696441179
-0.3123577584275376,-1.346001681278813,-0.6535139402032654,-0.057173250281606726,0.9130592664067546,1.9515824508434036,0.23974099387969372
1.364745023704909,-1.2853399236466632,0.05646260042633295,-0.02705738325123571,0.5739984620361518,0.4064646045747778,-1.0729565356061355
-0.8804087007627212,0.04921874426063063,-0.4957413756189102,-0.7190210375851999,-0.6773970419463086,0.6558505657483301,0.6029212256077937
0.8237441262428294,-1.0730237719341391,0.03674102985328855,0.15692490893309594,0.4250827468708682,0.03959817452669171,-1.007608606226025
-1.069759014874449,-0.5270679532447917,-0.29852566988846624,2.0404642894116463,-0.8602797934832469,-0.6408638429493068,-0.14718597099756453
1.6352454724359489,1.0198068663750262,-0.0027021112928002438,0.14871155753141882,0.4448368294634474,-1.165213671753581,-0.09659198560527868
-0.7722085212703053,0.01888786544455577,-0.5549060873380434,0.5753122690079543,0.5468778053140049,0.27485935410931045,-1.130744632653639
1.0942445749738692,-1.4066634389109625,0.07618417099937735,-0.11173525964179358,0.5390057810695016,-0.09180920276619889,-0.8523410424386642
-0.3935078930468495,-0.2844209227161928,-0.535184516764999,-0.10241560644695138,-0.9004160246296626,-2.5239407050730023,-1.176456320536878
-0.28530771355443363,0.04921874426063063,-0.5943492284841322,0.9344863381703069,-1.38152919944668,0.8235907290383239,-1.0051552550452676
-1.2320592841130729,2.748666958891293,3.0935844686751706,-0.8328649605363136,0.949562721093973,-0.3752488308797175,-0.01268918574721829
-1.3132094187323848,-0.40574443798049226,-0.4168550933267326,0.8072961710976326,-1.0698938966542626,-0.6717759248202158,-0.24264060976851543
0.5532436775117897,-0.04177389218759395,-0.5943492284841322,-0.10585031814341334,-0.6923035811975651,-0.882756005852807,-0.45859439758768755
-0.8263086110165132,-1.0123620143019894,-0.7521217930684874,-2.7174991816984866,0.9969287489981772,0.6446203255162258,0.04621740220149869
-0.3394078033006416,2.566681685994844,3.073862898102126,-0.10521719193606965,0.5296951866797578,-0.19426826423993657,-0.5517878045885554
-0.7722085212703053,-0.7697149837733905,-0.436576663899777,0.3999862702285751,-1.1654030672361975,-1.9683077337536148,-0.19280883642163732
1.283594889085597,-0.7393841049573157,-0.3576903816075994,-0.0008898615551254112,-0.46582457465626564,-0.3326916520010536,1.7364416061858665
-1.015658925128241,2.748666958891293,2.9358119040908153,-0.5370578276299134,1.0512340309995776,-0.25254125367317515,0.03959508854241138
-0.8804087007627212,-0.9213693778537648,-0.08158839358497784,-0.3814994125423364,0.8147743763557969,-0.37592158318530844,0.038795989665690714
1.202444754466285,0.04921874426063063,-0.12103153473106663,0.22697051437951116,0.48012968764089453,-0.6768825738330869,1.625594655178688
-1.2320592841130729,-1.1336855295662889,-0.337968811034555,2.0346360203485765,-1.0184675348218855,-2.4730364553144533,-0.09950652748464653
-0.7992585661434092,0.2918657747892295,-0.5154629461919545,-0.10792136095254595,-0.16586401087305305,0.4932146694272495,-0.5227246359631138
0.4991435877655817,-0.2237591650840431,-0.14075310530411103,-0.395114893136348,0.39670841681504465,-1.885313929468922,2.887886545536888
2.2032964147711325,-0.3754135591644174,-0.5154629461919545,-0.2668749093361056,0.4297952214879753,1.7183015068932224,-0.23683102141176668
-0.28530771355443363,2.0207258673054964,2.9358119040908153,-0.36263289177620966,0.94338675265609,-0.755657252931671,0.29181487995028665
1.7704956968014687,-0.9213693778537648,-0.4562982344728214,-0.440256696851737,-0.8583918656048245,0.5064906489254418,0.6488735970707903
-0.6099082520316814,0.5648436841339032,0.7072744293367981,-1.3638393438547827,-2.3407119048036136,0.006986134753349036,-0.5776652678351458
1.364745023704909,0.6558363205821278,0.03674102985328855,0.18723330919205278,0.446947506028067,-0.3010762259421815,0.11718949712453273
0.7425939916235175,0.1402113807088552,-0.08158839358497784,0.22804676207059357,0.42362698497150875,-1.7610071367930722,3.2737619040583352
1.554095337816637,-0.8303767414055403,0.07618417099937735,0.6275375965850605,1.0230784875746177,-0.3535206435193092,-1.3980792002653102
-1.3132094187323848,-0.89103849903769,-0.1999178170232442,-0.21394454700014817,0.9051535315403884,-0.7125810987797694,0.15312254016398943
-0.6369582969047853,0.5345128053178283,-0.4760198050458658,1.1478116742360418,-1.0417839621129943,0.7578970057049642,1.1200107359633726
-0.5017080725392654,0.07954962307670549,-0.5943492284841322,-1.1040582059112847,-0.25028507392764526,0.8483864945810046,-1.039547166156663
-1.2591093289861768,-0.89103849903769,-0.10130996415802224,-0.6390925159997565,0.7490489070965338,0.9311177667193815,0.1151442305123703
-0.28530771355443363,2.3846964130983945,3.034419756956037,-0.21083474819349565,0.41556801703271673,-0.6496468626383941,-0.6115732569113845
0.9048942608621414,-0.0721047710036688,-0.2590825287423774,-0.6593404959144534,0.41275491697831884,-0.5575945211597518,1.7094011407485474
-0.5558081622854734,0.6558363205821278,0.6481097176176649,-1.228091777112066,-2.4472111910343934,-0.08745245338095377,-0.6334850085315024
-0.4476079827930575,-1.346001681278813,-0.239360958169333,-0.5586164093843836,0.668029416831868,-0.25792816110217853,0.1255249453717177
0.8778442159890374,-1.2853399236466632,0.09590574157242175,0.7684951103632001,0.9626051576620533,-0.40228995612249485,-1.4753963489297464
0.44504349801937376,-0.0721047710036688,-0.4760198050458658,-0.42238594158154746,-0.4529436012509019,-1.148770754513076,-0.7007441844689106
-0.42055793791995355,2.3543655342823198,3.0541413275290816,-0.6344526107475307,1.0073794812574073,-0.7504937284346423,-0.014163701826075757
-1.2861593738592807,0.7164980782142775,-0.4562982344728214,-0.15689629932368904,-2.1743864982837287,-1.1178766306784247,-0.7471552082204337
-0.6910583866509933,-1.4066634389109625,-0.2590825287423774,0.5405089896275171,1.243526428757597,-1.1828401004526476,1.559076263986171
-0.6369582969047853,0.6255054417660529,-0.5549060873380434,-0.18730639400169807,-0.5135826027779928,-0.7938565635082242,-0.20894853464412008
1.9057459211669885,-0.5270679532447917,-0.4760198050458658,-0.3905144223057696,0.4596547488621657,1.127987408640846,-0.07485267687270737
-0.9615588353820331,-0.8000458625894654,-0.3971335227536882,1.6092949915128711,-1.1335175260225219,-2.5350532671832373,-0.22943878077896962
1.7975457416745726,0.8378215934785769,0.09590574157242175,0.7618038952911675,0.30352025713347985,-1.2473097107100852,-0.09734943240954545
-0.3935078930468495,0.04921874426063063,-0.5549060873380434,0.27023609639717316,0.5784436632278649,0.20551424709705354,-0.8723037262949712
-0.04185730969649784,0.44352016886960377,-0.5154629461919545,0.5766747840923094,-0.44342259188656186,0.8378445659081045,-0.723916308173091
1.6081954275628447,0.7468289570303523,0.03674102985328855,0.05773870173325076,0.3345567304267197,-0.7220661982421348,-0.09568809394440612
1.364745023704909,0.5041819265017535,-0.0027021112928002438,-0.056006447794032244,0.16133051437979548,-0.5970054307121059,0.23607789207404492
-1.2591093289861768,-0.40574443798049226,-0.436576663899777,0.3822408436014353,-1.0241846413425169,0.3137660325967271,-0.13862359659694604
-0.8533586558896171,-1.4066634389109625,-0.7521217930684874,-2.1428242188349436,0.8865733915178124,-0.460863707576181,-0.059885439670914586
0.03929282492281409,0.3525275324213792,-0.5549060873380434,1.4146406430969465,-0.2362763958189723,0.43513341521872495,-0.627258314832424
-0.5017080725392654,-1.0730237719341391,-0.6929570813493542,-2.3286756698649502,0.9101908727431788,-0.556484183516382,0.08108770563455978
-0.3394078033006416,-0.46640619561264196,-0.5943492284841322,0.13134851698838676,-0.45889158485347603,-0.23463389314770847,-1.226264663394272
1.4999952480704288,0.9591451087428764,0.09590574157242175,0.3066757050723697,0.33052310094861403,-0.7227278630987966,-0.0684234260465037
0.28274322878074987,-0.3754135591644174,-0.08158839358497784,-0.25143672772386133,0.47856666532359804,0.07926110175457397,1.0207784142805527
1.6081954275628447,-0.9820311354859146,0.11562731214546615,0.21544609754162397,0.7344204495640887,0.349169451911668,-1.0140139895921583
-0.3935078930468495,0.41318929005352895,0.5692234353254872,-1.434863464949594,-2.3236058173627994,0.8709961347750615,-0.43864031725701097
-0.5558081622854734,2.081387624937646,2.9358119040908153,-0.8415284962737803,0.953764199435466,-1.1628442178640257,0.04769301839677993
-0.3123577584275376,0.6861671993982026,0.5495018647524429,-1.1195204438224606,-2.502380640580271,2.1368137195590298,-0.6214982318956854
-0.3935078930468495,0.10988050189278034,-0.633792369630221,0.5856851628653443,-0.640118582535386,2.3389333786374196,-0.8409546968620691
-1.042708970001345,0.5345128053178283,-0.5746276579110878,-0.14472028556930777,-0.4801182824163787,0.857862553864653,-1.1093163917916005
-0.7722085212703053,0.5041819265017535,-0.5746276579110878,-1.4608523641391293,-2.255841306610376,-1.237043429588772,-0.6162161309082357
1.310644933958701,0.5951745629499781,0.09590574157242175,0.12737881742369794,0.4313857662916385,-0.7785486541609424,0.27443524430631255
1.7975457416745726,-1.0426928931180643,0.13534888271851053,0.6229675210666759,0.9117841489637769,-0.4565952264392717,-1.4175264034012542
-0.5017080725392654,-1.2246781660145134,-0.12103153473106663,-0.42272057402871843,0.9651807798969136,-0.8888233563704075,0.0563301681449789
0.9048942608621414,-0.40574443798049226,-0.12103153473106663,0.1259324494616631,0.08632307348942027,0.29346335433469195,1.5051324405490523
1.8786958762938846,-1.4066634389109625,-0.02242368186584464,-0.275479031123502,0.5199469872207427,0.2285607284011007,-0.8819042613850437
1.5811453826897408,-1.2550090448305882,-0.0027021112928002438,0.7520747722131742,0.9271045455919505,0.29921889272306396,-1.4971668457819916
-1.042708970001345,-0.49673707442871684,-0.3576903816075994,1.075548660649373,-1.0760262636677431,-2.484911167196211,-0.23919596177231564
0.7966940813697254,-0.04177389218759395,-0.18019624645019983,0.1527745435457958,0.24308844592310566,0.8875876194534029,1.695487865201166
0.9589943506083494,-0.8303767414055403,-0.4168550933267326,0.2932529983291022,-0.8304488812517962,-0.5088359071529128,1.6089597259775281
0.9048942608621414,-0.7393841049573157,0.017019459280244155,0.847884638313169,1.0069398960564555,-0.28962696771270546,-1.5038962883441696
0.012242780049710114,0.5648436841339032,0.5297802941793985,-1.332500498924345,-2.528307483080623,0.8084367396460309,-0.42330089908888285
0.2556931839076459,0.10988050189278034,-0.4760198050458658,-1.3773436333437237,-0.44250482011674425,-0.4571763782101688,-0.5151979254581118
0.28274322878074987,-0.011443013371519088,-0.10130996415802224,0.1496347754465093,0.4312207877231999,-0.16320345858638108,2.1687733324351575
0.4991435877655817,0.04921874426063063,-0.1999178170232442,-0.5790153540635959,0.5021408063048264,-0.9985935455324338,3.036520416697783
1.0671945301007653,0.9894759875589513,0.13534888271851053,0.45714502658988376,0.5699949103998657,-1.0711095277412856,-0.10758687574153714
0.9860443954814533,0.01888786544455577,-0.5549060873380434,-0.00542031133752364,-0.35658399412810565,0.12883755128270657,0.09634194891703923
-0.36645784817374555,0.7164980782142775,-0.5549060873380434,0.057051899033702426,-0.12209721635578766,0.7778966235960303,-0.9496127120231671
-0.7181084315240973,0.5041819265017535,-0.535184516764999,-1.2814639375098886,-1.1673538293519503,-1.2349922257850858,0.52959322412564
-0.28530771355443363,2.748666958891293,2.916090333517771,-0.5773055423117338,0.9329038759605972,-0.6297540504480192,0.06374756923652458
-0.25825766868132966,0.7468289570303523,-0.535184516764999,-0.08796089690510993,-0.495365627417353,0.13514022070389697,-0.5901904845125255
0.7155439467504136,-0.04177389218759395,-0.14075310530411103,-0.3459170893384351,0.5390857989970665,-0.4880785443402573,1.1619474128786953
-1.1509091494937609,-0.7697149837733905,-0.21963938759628862,-0.34722721387851696,0.6619277776989102,-0.5070349274100346,0.08696567654063748
-0.6369582969047853,-1.3763325600948877,-0.3576903816075994,0.1580700100631944,1.2036971543090165,-0.6025554283215407,2.1300273134129353
-0.6640083417778894,-1.0730237719341391,-0.12103153473106663,-1.1672838180675726,0.8161810766848461,0.5588373177192804,0.08545570703874142
0.09339291466902205,0.7164980782142775,0.7269959999098424,-1.6769972574079985,-2.435495250502462,1.741922873261172,-0.3575340504409249
1.7704956968014687,0.5345128053178283,-0.02242368186584464,0.3803062710302248,0.47635760399010024,-0.05223951775195623,-0.2200792388573388
-1.123859104620657,0.07954962307670549,-0.6140707990571765,0.09714170443772324,-0.20866791573778734,-0.2760845971569871,-1.0317762265486596
1.6352454724359489,-1.1640164083823636,0.11562731214546615,0.40654920607764444,0.9623396712831005,-0.3634447111925392,-1.4736455007945561
1.202444754466285,-0.4360753167965671,-0.37741195218064383,0.33666802051350286,-0.6915678601360163,0.8469219341252315,0.8228327128403861
0.8237441262428294,0.07954962307670549,-0.239360958169333,-0.4434741839359691,0.052611249659657335,0.7998892165481377,1.2897740275961176
-1.2591093289861768,-1.0426928931180643,-0.10130996415802224,-1.4936770508995036,0.9728089146375805,-0.8973608980603238,0.051646572651129014
1.445895158324221,-1.0123620143019894,-0.436576663899777,0.31227255084353306,-0.827808652516953,1.3092674960630328,1.306753206386622
1.310644933958701,0.5041819265017535,-0.04214525243888904,0.18761667551561012,0.5180962549063409,-0.9642608665647403,-0.05416487226473306
-0.4746580276661615,2.597012564810919,3.0541413275290816,1.5182053392967236,0.4963586600744084,-1.008273998351146,-0.5939338826941162
-1.1509091494937609,-0.10243564981974367,-0.535184516764999,0.5886478981421532,0.7922342171303237,-0.3314690273807068,-0.9591047503022273
-0.6099082520316814,0.7771598358464272,-0.633792369630221,-0.18506040507700536,-0.5000599305183535,-0.546160733340087,-0.9116025764376647
-0.5828582071585774,0.01888786544455577,-0.633792369630221,0.4212385675874067,-0.7517535580023603,2.1588600861877865,-1.2929191415215722
-0.988608880255137,-0.16309740745189338,-0.535184516764999,0.7103154434903706,0.598971355940095,0.6629615360770275,-0.9060321532105042
-0.3123577584275376,2.566681685994844,3.0541413275290816,-0.8779084661552511,0.4883233117018035,-0.09904607377498839,-0.5225102158535719
-0.5287581174123694,0.26153489597315466,0.07618417099937735,1.607722833386598,0.9666263244064043,0.662702315615608,1.4207596410996224
-0.36645784817374555,0.5951745629499781,-0.535184516764999,0.7610153823940642,-0.35685464318522064,-1.1796045469684444,1.5563577568824933
1.9327959660400924,-0.40574443798049226,-0.6140707990571765,-0.13414646037553127,0.44288748211146073,0.486969169061042,-0.42459245223595143
0.03929282492281409,0.2918657747892295,-0.5746276579110878,0.7780644958294496,-0.13928057193949425,0.5826883247130605,-0.650944051049389
-0.28530771355443363,0.23120401715707978,-0.5154629461919545,-0.9259491988568266,-0.2517669242858814,0.6770911538609905,-1.0723733577379262
-1.015658925128241,-0.9517002566698397,-0.8507296459337094,-1.1789499002152355,0.8543333319185404,1.658009216306643,-0.06029038022257196
-0.3935078930468495,2.4150272919144697,2.9555334746638597,-0.024685170253492348,0.5623557836884082,-0.31895169926839884,-0.6212228121398473
-0.3935078930468495,0.1402113807088552,-0.4562982344728214,0.594787638783463,-0.5426027474052277,2.47575312161506,-1.2046919113835588
